{"level":"info","message":"Hisably API is running on port 3000 in development mode","service":"hisably-api","timestamp":"2026-08-31T10:09:32.744Z"}
{"level":"info","message":"Hisably API is running on port 3000 in development mode","service":"hisably-api","timestamp":"2026-08-31T10:15:10.355Z"}
{"level":"info","message":"Hisably API is running on port 3000 in development mode","service":"hisably-api","timestamp":"2026-08-31T10:15:34.251Z"}
{"level":"info","message":"Hisably API is running on port 3000 in development mode","service":"hisably-api","timestamp":"2026-08-31T10:15:57.667Z"}
{"level":"info","message":"✅ Database connected successfully","service":"hisably-api","timestamp":"2026-08-31T10:15:57.680Z"}
{"level":"info","message":"Ser","service":"hisably-api","timestamp":"2026-08-31T10:15:57.683Z"}
{"level":"info","message":"Hisably API is running on port 3000 in development mode","service":"hisably-api","timestamp":"2026-08-31T10:16:02.683Z"}
{"level":"info","message":"✅ Database connected successfully","service":"hisably-api","timestamp":"2026-08-31T10:16:02.696Z"}
{"level":"info","message":"Server is ","service":"hisably-api","timestamp":"2026-08-31T10:16:02.703Z"}
{"level":"info","message":"Hisably API is running on port 3000 in development mode","service":"hisably-api","timestamp":"2026-08-31T10:16:06.446Z"}
{"level":"info","message":"✅ Database connected successfully","service":"hisably-api","timestamp":"2026-08-31T10:16:06.452Z"}
{"level":"info","message":"Server is running on : ","service":"hisably-api","timestamp":"2026-08-31T10:16:06.453Z"}
{"level":"info","message":"Hisably API is running on port 3000 in development mode","service":"hisably-api","timestamp":"2026-08-31T10:16:17.368Z"}
{"level":"info","message":"✅ Database connected successfully","service":"hisably-api","timestamp":"2026-08-31T10:16:17.371Z"}
{"level":"info","message":"Server is running on : 3000","service":"hisably-api","timestamp":"2026-08-31T10:16:17.372Z"}
{"level":"info","message":"Hisably API is running on port 3000 in development mode","service":"hisably-api","timestamp":"2026-08-31T10:16:29.786Z"}
{"level":"info","message":"✅ Database connected successfully","service":"hisably-api","timestamp":"2026-08-31T10:16:29.799Z"}
{"level":"info","message":"Server is running on : 3000","service":"hisably-api","timestamp":"2026-08-31T10:16:29.801Z"}
{"level":"info","message":"Hisably API is running on port 3000 in development mode","service":"hisably-api","timestamp":"2026-08-31T10:16:39.302Z"}
{"level":"info","message":"✅ Database connected successfully","service":"hisably-api","timestamp":"2026-08-31T10:16:39.309Z"}
{"level":"info","message":"Server is running on : lo3000","service":"hisably-api","timestamp":"2026-08-31T10:16:39.310Z"}
{"level":"info","message":"Hisably API is running on port 3000 in development mode","service":"hisably-api","timestamp":"2026-08-31T10:16:43.041Z"}
{"level":"info","message":"✅ Database connected successfully","service":"hisably-api","timestamp":"2026-08-31T10:16:43.046Z"}
{"level":"info","message":"Server is running on : localhost:3000","service":"hisably-api","timestamp":"2026-08-31T10:16:43.047Z"}
{"level":"info","message":"Hisably API is running on port 3000 in development mode","service":"hisably-api","timestamp":"2026-08-31T10:17:09.529Z"}
{"level":"info","message":"✅ Database connected successfully","service":"hisably-api","timestamp":"2026-08-31T10:17:09.536Z"}
{"level":"info","message":"Server is running on : localhost:3000","service":"hisably-api","timestamp":"2026-08-31T10:17:09.537Z"}
{"level":"info","message":"Hisably API is running on port 3000 in development mode","service":"hisably-api","timestamp":"2026-08-31T10:17:20.567Z"}
{"level":"info","message":"✅ Database connected successfully","service":"hisably-api","timestamp":"2026-08-31T10:17:20.584Z"}
{"level":"info","message":"Server is running on : localhost:3000","service":"hisably-api","timestamp":"2026-08-31T10:17:20.586Z"}
{"level":"info","message":"Hisably API is running on port 3000 in development mode","service":"hisably-api","timestamp":"2026-08-31T10:17:28.528Z"}
{"level":"info","message":"✅ Database connected successfully","service":"hisably-api","timestamp":"2026-08-31T10:17:28.536Z"}
{"level":"info","message":"Server is running on : localhost:3000","service":"hisably-api","timestamp":"2026-08-31T10:17:28.537Z"}
{"level":"info","message":"Hisably API is running on port 3000 in development mode","service":"hisably-api","timestamp":"2026-08-31T10:17:45.416Z"}
{"level":"info","message":"✅ Database connected successfully","service":"hisably-api","timestamp":"2026-08-31T10:17:45.431Z"}
{"level":"info","message":"Server is running on : localhost:3000","service":"hisably-api","timestamp":"2026-08-31T10:17:45.433Z"}
{"level":"info","message":"Hisably API is running on port 3000 in development mode","service":"hisably-api","timestamp":"2026-08-31T10:19:21.447Z"}
{"level":"info","message":"✅ Database connected successfully","service":"hisably-api","timestamp":"2026-08-31T10:19:21.451Z"}
{"level":"info","message":"Server is running on : localhost:3000","service":"hisably-api","timestamp":"2026-08-31T10:19:21.452Z"}
{"level":"info","message":"Hisably API is running on port 3000 in development mode","service":"hisably-api","timestamp":"2026-08-31T10:20:53.144Z"}
{"level":"info","message":"✅ Database connected successfully","service":"hisably-api","timestamp":"2026-08-31T10:20:53.152Z"}
{"level":"info","message":"Server is running on : localhost:3000","service":"hisably-api","timestamp":"2026-08-31T10:20:53.153Z"}
{"level":"info","message":"Hisably API is running on port 3000 in development mode","service":"hisably-api","timestamp":"2026-08-31T10:22:04.973Z"}
{"level":"info","message":"✅ Database connected successfully","service":"hisably-api","timestamp":"2026-08-31T10:22:04.983Z"}
{"level":"info","message":"Server is running on : localhost:3000","service":"hisably-api","timestamp":"2026-08-31T10:22:04.985Z"}
{"level":"info","message":"Hisably API is running on port 3000 in development mode","service":"hisably-api","timestamp":"2026-08-31T10:22:31.284Z"}
{"level":"info","message":"✅ Database connected successfully","service":"hisably-api","timestamp":"2026-08-31T10:22:31.290Z"}
{"level":"info","message":"Server is running on : localhost:3000","service":"hisably-api","timestamp":"2026-08-31T10:22:31.291Z"}
{"level":"info","message":"Hisably API is running on port 3000 in development mode","service":"hisably-api","timestamp":"2026-08-31T10:22:53.414Z"}
{"level":"info","message":"✅ Database connected successfully","service":"hisably-api","timestamp":"2026-08-31T10:22:53.421Z"}
{"level":"info","message":"Server is running on : localhost:3000","service":"hisably-api","timestamp":"2026-08-31T10:22:53.423Z"}
{"level":"info","message":"Hisably API is running on port 3000 in development mode","service":"hisably-api","timestamp":"2026-08-31T10:23:14.224Z"}
{"level":"info","message":"✅ Database connected successfully","service":"hisably-api","timestamp":"2026-08-31T10:23:14.235Z"}
{"level":"info","message":"Server is running on : localhost:3000","service":"hisably-api","timestamp":"2026-08-31T10:23:14.236Z"}
{"level":"info","message":"Hisably API is running on port 3000 in development mode","service":"hisably-api","timestamp":"2026-08-31T10:23:41.932Z"}
{"level":"info","message":"✅ Database connected successfully","service":"hisably-api","timestamp":"2026-08-31T10:23:41.943Z"}
{"level":"info","message":"Server is running on : localhost:3000","service":"hisably-api","timestamp":"2026-08-31T10:23:41.945Z"}
{"level":"info","message":"Hisably API is running on port 3000 in development mode","service":"hisably-api","timestamp":"2026-08-31T10:24:06.963Z"}
{"level":"info","message":"✅ Database connected successfully","service":"hisably-api","timestamp":"2026-08-31T10:24:06.975Z"}
{"level":"info","message":"Server is running on : localhost:3000","service":"hisably-api","timestamp":"2026-08-31T10:24:06.977Z"}
{"level":"info","message":"Hisably API is running on port 3000 in development mode","service":"hisably-api","timestamp":"2026-08-31T10:24:22.345Z"}
{"level":"info","message":"✅ Database connected successfully","service":"hisably-api","timestamp":"2026-08-31T10:24:22.348Z"}
{"level":"info","message":"Server is running on : localhost:3000","service":"hisably-api","timestamp":"2026-08-31T10:24:22.349Z"}
{"level":"info","message":"Hisably API is running on port 3000 in development mode","service":"hisably-api","timestamp":"2026-08-31T10:25:18.937Z"}
{"level":"info","message":"✅ Database connected successfully","service":"hisably-api","timestamp":"2026-08-31T10:25:18.949Z"}
{"level":"info","message":"Server is running on : localhost:3000","service":"hisably-api","timestamp":"2026-08-31T10:25:18.951Z"}
{"level":"info","message":"Swagger documentation available at: http://localhost:3000/api-docs","service":"hisably-api","timestamp":"2026-08-31T10:25:18.952Z"}
{"level":"info","message":"Hisably API is running on port 3000 in development mode","service":"hisably-api","timestamp":"2026-08-31T10:25:21.425Z"}
{"level":"info","message":"✅ Database connected successfully","service":"hisably-api","timestamp":"2026-08-31T10:25:21.441Z"}
{"level":"info","message":"Server is running on : localhost:3000","service":"hisably-api","timestamp":"2026-08-31T10:25:21.444Z"}
{"level":"info","message":"Swagger documentation available at: http://localhost:3000/api-docs","service":"hisably-api","timestamp":"2026-08-31T10:25:21.449Z"}
{"level":"info","message":"Hisably API is running on port 3000 in development mode","service":"hisably-api","timestamp":"2026-08-31T10:26:13.843Z"}
{"level":"info","message":"✅ Database connected successfully","service":"hisably-api","timestamp":"2026-08-31T10:26:13.852Z"}
{"level":"info","message":"Server is running on : http://localhost:3000","service":"hisably-api","timestamp":"2026-08-31T10:26:13.855Z"}
{"level":"info","message":"Swagger documentation available at: http://localhost:3000/api-docs","service":"hisably-api","timestamp":"2026-08-31T10:26:13.857Z"}
{"level":"info","message":"Hisably API is running on port 3000 in development mode","service":"hisably-api","timestamp":"2026-08-31T10:26:13.872Z"}
{"level":"info","message":"✅ Database connected successfully","service":"hisably-api","timestamp":"2026-08-31T10:26:13.879Z"}
{"level":"info","message":"Server is running on : http://localhost:3000","service":"hisably-api","timestamp":"2026-08-31T10:26:13.881Z"}
{"level":"info","message":"Swagger documentation available at: http://localhost:3000/api-docs","service":"hisably-api","timestamp":"2026-08-31T10:26:13.882Z"}
{"level":"info","message":"Hisably API is running on port 3000 in development mode","service":"hisably-api","timestamp":"2026-08-31T10:26:54.219Z"}
{"level":"info","message":"✅ Database connected successfully","service":"hisably-api","timestamp":"2026-08-31T10:26:54.232Z"}
{"level":"info","message":"Server is running on : http://localhost:3000","service":"hisably-api","timestamp":"2026-08-31T10:26:54.234Z"}
{"level":"info","message":"Swagger documentation available at: http://localhost:3000/api-docs","service":"hisably-api","timestamp":"2026-08-31T10:26:54.236Z"}
{"level":"info","message":"Hisably API is running on port 3000 in development mode","service":"hisably-api","timestamp":"2026-08-31T10:26:54.402Z"}
{"level":"info","message":"✅ Database connected successfully","service":"hisably-api","timestamp":"2026-08-31T10:26:54.414Z"}
{"level":"info","message":"Server is running on : http://localhost:3000","service":"hisably-api","timestamp":"2026-08-31T10:26:54.415Z"}
{"level":"info","message":"Swagger documentation available at: http://localhost:3000/api-docs","service":"hisably-api","timestamp":"2026-08-31T10:26:54.417Z"}
{"level":"info","message":"Hisably API is running on port 3000 in development mode","service":"hisably-api","timestamp":"2026-08-31T10:27:33.404Z"}
{"level":"info","message":"✅ Database connected successfully","service":"hisably-api","timestamp":"2026-08-31T10:27:33.412Z"}
{"level":"info","message":"Server is running on : http://localhost:3000","service":"hisably-api","timestamp":"2026-08-31T10:27:33.413Z"}
{"level":"info","message":"Swagger documentation available at: http://localhost:3000/api-docs","service":"hisably-api","timestamp":"2026-08-31T10:27:33.415Z"}
{"level":"info","message":"Hisably API is running on port 3000 in development mode","service":"hisably-api","timestamp":"2026-08-31T10:27:34.424Z"}
{"level":"info","message":"✅ Database connected successfully","service":"hisably-api","timestamp":"2026-08-31T10:27:34.436Z"}
{"level":"info","message":"Server is running on : http://localhost:3000","service":"hisably-api","timestamp":"2026-08-31T10:27:34.438Z"}
{"level":"info","message":"Swagger documentation available at: http://localhost:3000/api-docs","service":"hisably-api","timestamp":"2026-08-31T10:27:34.439Z"}
{"level":"info","message":"Hisably API is running on port 3000 in development mode","service":"hisably-api","timestamp":"2026-08-31T10:28:38.922Z"}
{"level":"info","message":"✅ Database connected successfully","service":"hisably-api","timestamp":"2026-08-31T10:28:38.929Z"}
{"level":"info","message":"Server is running on : http://localhost:3000","service":"hisably-api","timestamp":"2026-08-31T10:28:38.931Z"}
{"level":"info","message":"Swagger documentation available at: http://localhost:3000/api-docs","service":"hisably-api","timestamp":"2026-08-31T10:28:38.932Z"}
{"level":"info","message":"Hisably API is running on port 3000 in development mode","service":"hisably-api","timestamp":"2026-08-31T10:28:39.557Z"}
{"level":"info","message":"✅ Database connected successfully","service":"hisably-api","timestamp":"2026-08-31T10:28:39.562Z"}
{"level":"info","message":"Server is running on : http://localhost:3000","service":"hisably-api","timestamp":"2026-08-31T10:28:39.563Z"}
{"level":"info","message":"Swagger documentation available at: http://localhost:3000/api-docs","service":"hisably-api","timestamp":"2026-08-31T10:28:39.565Z"}
{"level":"info","message":"Hisably API is running on port 3000 in development mode","service":"hisably-api","timestamp":"2026-08-31T10:29:13.232Z"}
{"level":"info","message":"✅ Database connected successfully","service":"hisably-api","timestamp":"2026-08-31T10:29:13.240Z"}
{"level":"info","message":"Server is running on : http://localhost:3000","service":"hisably-api","timestamp":"2026-08-31T10:29:13.242Z"}
{"level":"info","message":"Swagger documentation available at: http://localhost:3000/api-docs","service":"hisably-api","timestamp":"2026-08-31T10:29:13.244Z"}
{"level":"info","message":"Hisably API is running on port 3000 in development mode","service":"hisably-api","timestamp":"2026-08-31T10:29:14.170Z"}
{"level":"info","message":"✅ Database connected successfully","service":"hisably-api","timestamp":"2026-08-31T10:29:14.183Z"}
{"level":"info","message":"Server is running on : http://localhost:3000","service":"hisably-api","timestamp":"2026-08-31T10:29:14.186Z"}
{"level":"info","message":"Swagger documentation available at: http://localhost:3000/api-docs","service":"hisably-api","timestamp":"2026-08-31T10:29:14.189Z"}
{"level":"info","message":"Hisably API is running on port 3000 in development mode","service":"hisably-api","timestamp":"2026-08-31T10:29:31.818Z"}
{"level":"info","message":"✅ Database connected successfully","service":"hisably-api","timestamp":"2026-08-31T10:29:31.830Z"}
{"level":"info","message":"Server is running on : http://localhost:3000","service":"hisably-api","timestamp":"2026-08-31T10:29:31.832Z"}
{"level":"info","message":"Swagger documentation available at: http://localhost:3000/api-docs","service":"hisably-api","timestamp":"2026-08-31T10:29:31.833Z"}
{"level":"info","message":"Hisably API is running on port 3000 in development mode","service":"hisably-api","timestamp":"2026-08-31T10:29:32.517Z"}
{"level":"info","message":"✅ Database connected successfully","service":"hisably-api","timestamp":"2026-08-31T10:29:32.523Z"}
{"level":"info","message":"Server is running on : http://localhost:3000","service":"hisably-api","timestamp":"2026-08-31T10:29:32.524Z"}
{"level":"info","message":"Swagger documentation available at: http://localhost:3000/api-docs","service":"hisably-api","timestamp":"2026-08-31T10:29:32.526Z"}
{"level":"info","message":"Hisably API is running on port 3000 in development mode","service":"hisably-api","timestamp":"2026-08-31T10:30:06.790Z"}
{"level":"info","message":"✅ Database connected successfully","service":"hisably-api","timestamp":"2026-08-31T10:30:06.803Z"}
{"level":"info","message":"Server is running on : http://localhost:3000","service":"hisably-api","timestamp":"2026-08-31T10:30:06.805Z"}
{"level":"info","message":"Swagger documentation available at: http://localhost:3000/api-docs","service":"hisably-api","timestamp":"2026-08-31T10:30:06.807Z"}
{"level":"info","message":"Hisably API is running on port 3000 in development mode","service":"hisably-api","timestamp":"2026-08-31T10:30:07.752Z"}
{"level":"info","message":"✅ Database connected successfully","service":"hisably-api","timestamp":"2026-08-31T10:30:07.759Z"}
{"level":"info","message":"Server is running on : http://localhost:3000","service":"hisably-api","timestamp":"2026-08-31T10:30:07.761Z"}
{"level":"info","message":"Swagger documentation available at: http://localhost:3000/api-docs","service":"hisably-api","timestamp":"2026-08-31T10:30:07.762Z"}
{"level":"info","message":"Hisably API is running on port 3000 in development mode","service":"hisably-api","timestamp":"2026-08-31T10:30:27.555Z"}
{"level":"info","message":"✅ Database connected successfully","service":"hisably-api","timestamp":"2026-08-31T10:30:27.563Z"}
{"level":"info","message":"Server is running on : http://localhost:3000","service":"hisably-api","timestamp":"2026-08-31T10:30:27.565Z"}
{"level":"info","message":"Swagger documentation available at: http://localhost:3000/api-docs","service":"hisably-api","timestamp":"2026-08-31T10:30:27.567Z"}
{"level":"info","message":"Hisably API is running on port 3000 in development mode","service":"hisably-api","timestamp":"2026-08-31T10:30:28.434Z"}
{"level":"info","message":"✅ Database connected successfully","service":"hisably-api","timestamp":"2026-08-31T10:30:28.450Z"}
{"level":"info","message":"Server is running on : http://localhost:3000","service":"hisably-api","timestamp":"2026-08-31T10:30:28.452Z"}
{"level":"info","message":"Swagger documentation available at: http://localhost:3000/api-docs","service":"hisably-api","timestamp":"2026-08-31T10:30:28.454Z"}
{"level":"info","message":"Hisably API is running on port 3000 in development mode","service":"hisably-api","timestamp":"2026-08-31T10:30:51.353Z"}
{"level":"info","message":"✅ Database connected successfully","service":"hisably-api","timestamp":"2026-08-31T10:30:51.362Z"}
{"level":"info","message":"Server is running on : http://localhost:3000","service":"hisably-api","timestamp":"2026-08-31T10:30:51.364Z"}
{"level":"info","message":"Swagger documentation available at: http://localhost:3000/api-docs","service":"hisably-api","timestamp":"2026-08-31T10:30:51.365Z"}
{"level":"info","message":"Hisably API is running on port 3000 in development mode","service":"hisably-api","timestamp":"2026-08-31T10:30:51.926Z"}
{"level":"info","message":"✅ Database connected successfully","service":"hisably-api","timestamp":"2026-08-31T10:30:51.932Z"}
{"level":"info","message":"Server is running on : http://localhost:3000","service":"hisably-api","timestamp":"2026-08-31T10:30:51.934Z"}
{"level":"info","message":"Swagger documentation available at: http://localhost:3000/api-docs","service":"hisably-api","timestamp":"2026-08-31T10:30:51.935Z"}
{"level":"info","message":"Hisably API is running on port 3000 in development mode","service":"hisably-api","timestamp":"2026-08-31T10:31:25.937Z"}
{"level":"info","message":"✅ Database connected successfully","service":"hisably-api","timestamp":"2026-08-31T10:31:25.974Z"}
{"level":"info","message":"Server is running on : http://localhost:3000","service":"hisably-api","timestamp":"2026-08-31T10:31:25.979Z"}
{"level":"info","message":"Swagger documentation available at: http://localhost:3000/api-docs","service":"hisably-api","timestamp":"2026-08-31T10:31:25.986Z"}
{"level":"info","message":"Hisably API is running on port 3000 in development mode","service":"hisably-api","timestamp":"2026-08-31T10:31:27.036Z"}
{"level":"info","message":"✅ Database connected successfully","service":"hisably-api","timestamp":"2026-08-31T10:31:27.052Z"}
{"level":"info","message":"Server is running on : http://localhost:3000","service":"hisably-api","timestamp":"2026-08-31T10:31:27.057Z"}
{"level":"info","message":"Swagger documentation available at: http://localhost:3000/api-docs","service":"hisably-api","timestamp":"2026-08-31T10:31:27.060Z"}
{"level":"info","message":"Hisably API is running on port 3000 in development mode","service":"hisably-api","timestamp":"2026-08-31T10:31:52.548Z"}
{"level":"info","message":"✅ Database connected successfully","service":"hisably-api","timestamp":"2026-08-31T10:31:52.557Z"}
{"level":"info","message":"Server is running on : http://localhost:3000","service":"hisably-api","timestamp":"2026-08-31T10:31:52.559Z"}
{"level":"info","message":"Swagger documentation available at: http://localhost:3000/api-docs","service":"hisably-api","timestamp":"2026-08-31T10:31:52.560Z"}
{"level":"info","message":"Hisably API is running on port 3000 in development mode","service":"hisably-api","timestamp":"2026-08-31T10:31:53.137Z"}
{"level":"info","message":"✅ Database connected successfully","service":"hisably-api","timestamp":"2026-08-31T10:31:53.149Z"}
{"level":"info","message":"Server is running on : http://localhost:3000","service":"hisably-api","timestamp":"2026-08-31T10:31:53.150Z"}
{"level":"info","message":"Swagger documentation available at: http://localhost:3000/api-docs","service":"hisably-api","timestamp":"2026-08-31T10:31:53.152Z"}
{"level":"info","message":"Hisably API is running on port 3000 in development mode","service":"hisably-api","timestamp":"2026-08-31T10:32:25.136Z"}
{"level":"info","message":"✅ Database connected successfully","service":"hisably-api","timestamp":"2026-08-31T10:32:25.198Z"}
{"level":"info","message":"Server is running on : http://localhost:3000","service":"hisably-api","timestamp":"2026-08-31T10:32:25.215Z"}
{"level":"info","message":"Swagger documentation available at: http://localhost:3000/api-docs","service":"hisably-api","timestamp":"2026-08-31T10:32:25.231Z"}
{"level":"info","message":"Hisably API is running on port 3000 in development mode","service":"hisably-api","timestamp":"2026-08-31T10:32:25.644Z"}
{"level":"info","message":"✅ Database connected successfully","service":"hisably-api","timestamp":"2026-08-31T10:32:25.684Z"}
{"level":"info","message":"Server is running on : http://localhost:3000","service":"hisably-api","timestamp":"2026-08-31T10:32:25.745Z"}
{"level":"info","message":"Swagger documentation available at: http://localhost:3000/api-docs","service":"hisably-api","timestamp":"2026-08-31T10:32:25.778Z"}
{"level":"info","message":"Hisably API is running on port 3000 in development mode","service":"hisably-api","timestamp":"2026-08-31T10:32:47.310Z"}
{"level":"info","message":"✅ Database connected successfully","service":"hisably-api","timestamp":"2026-08-31T10:32:47.319Z"}
{"level":"info","message":"Server is running on : http://localhost:3000","service":"hisably-api","timestamp":"2026-08-31T10:32:47.322Z"}
{"level":"info","message":"Swagger documentation available at: http://localhost:3000/api-docs","service":"hisably-api","timestamp":"2026-08-31T10:32:47.324Z"}
{"level":"info","message":"Hisably API is running on port 3000 in development mode","service":"hisably-api","timestamp":"2026-08-31T10:32:47.660Z"}
{"level":"info","message":"✅ Database connected successfully","service":"hisably-api","timestamp":"2026-08-31T10:32:47.702Z"}
{"level":"info","message":"Server is running on : http://localhost:3000","service":"hisably-api","timestamp":"2026-08-31T10:32:47.711Z"}
{"level":"info","message":"Swagger documentation available at: http://localhost:3000/api-docs","service":"hisably-api","timestamp":"2026-08-31T10:32:47.728Z"}
{"level":"info","message":"Hisably API is running on port 3000 in development mode","service":"hisably-api","timestamp":"2026-08-31T10:33:17.870Z"}
{"level":"info","message":"✅ Database connected successfully","service":"hisably-api","timestamp":"2026-08-31T10:33:17.881Z"}
{"level":"info","message":"Server is running on : http://localhost:3000","service":"hisably-api","timestamp":"2026-08-31T10:33:17.882Z"}
{"level":"info","message":"Swagger documentation available at: http://localhost:3000/api-docs","service":"hisably-api","timestamp":"2026-08-31T10:33:17.884Z"}
{"level":"info","message":"Hisably API is running on port 3000 in development mode","service":"hisably-api","timestamp":"2026-08-31T10:33:18.418Z"}
{"level":"info","message":"✅ Database connected successfully","service":"hisably-api","timestamp":"2026-08-31T10:33:18.432Z"}
{"level":"info","message":"Server is running on : http://localhost:3000","service":"hisably-api","timestamp":"2026-08-31T10:33:18.433Z"}
{"level":"info","message":"Swagger documentation available at: http://localhost:3000/api-docs","service":"hisably-api","timestamp":"2026-08-31T10:33:18.435Z"}
{"level":"info","message":"Hisably API is running on port 3000 in development mode","service":"hisably-api","timestamp":"2026-08-31T10:36:59.835Z"}
{"level":"info","message":"✅ Database connected successfully","service":"hisably-api","timestamp":"2026-08-31T10:36:59.844Z"}
{"level":"info","message":"Server is running on : http://localhost:3000","service":"hisably-api","timestamp":"2026-08-31T10:36:59.846Z"}
{"level":"info","message":"Swagger documentation available at: http://localhost:3000/api-docs","service":"hisably-api","timestamp":"2026-08-31T10:36:59.848Z"}
{"level":"info","message":"Hisably API is running on port 3000 in development mode","service":"hisably-api","timestamp":"2026-08-31T10:36:59.863Z"}
{"level":"info","message":"✅ Database connected successfully","service":"hisably-api","timestamp":"2026-08-31T10:36:59.870Z"}
{"level":"info","message":"Server is running on : http://localhost:3000","service":"hisably-api","timestamp":"2026-08-31T10:36:59.871Z"}
{"level":"info","message":"Swagger documentation available at: http://localhost:3000/api-docs","service":"hisably-api","timestamp":"2026-08-31T10:36:59.873Z"}
{"level":"info","message":"Hisably API is running on port 3000 in development mode","service":"hisably-api","timestamp":"2026-08-31T10:37:20.577Z"}
{"level":"info","message":"✅ Database connected successfully","service":"hisably-api","timestamp":"2026-08-31T10:37:20.582Z"}
{"level":"info","message":"Server is running on : http://localhost:3000","service":"hisably-api","timestamp":"2026-08-31T10:37:20.584Z"}
{"level":"info","message":"Swagger documentation available at: http://localhost:3000/api-docs","service":"hisably-api","timestamp":"2026-08-31T10:37:20.585Z"}
{"level":"info","message":"Hisably API is running on port 3000 in development mode","service":"hisably-api","timestamp":"2026-08-31T10:37:20.565Z"}
{"level":"info","message":"✅ Database connected successfully","service":"hisably-api","timestamp":"2026-08-31T10:37:20.571Z"}
{"level":"info","message":"Server is running on : http://localhost:3000","service":"hisably-api","timestamp":"2026-08-31T10:37:20.572Z"}
{"level":"info","message":"Swagger documentation available at: http://localhost:3000/api-docs","service":"hisably-api","timestamp":"2026-08-31T10:37:20.573Z"}
{"level":"info","message":"Hisably API is running on port 3000 in development mode","service":"hisably-api","timestamp":"2026-08-31T10:37:47.206Z"}
{"level":"info","message":"✅ Database connected successfully","service":"hisably-api","timestamp":"2026-08-31T10:37:47.212Z"}
{"level":"info","message":"Server is running on : http://localhost:3000","service":"hisably-api","timestamp":"2026-08-31T10:37:47.213Z"}
{"level":"info","message":"Swagger documentation available at: http://localhost:3000/api-docs","service":"hisably-api","timestamp":"2026-08-31T10:37:47.214Z"}
{"level":"info","message":"Hisably API is running on port 3000 in development mode","service":"hisably-api","timestamp":"2026-08-31T10:37:47.689Z"}
{"level":"info","message":"✅ Database connected successfully","service":"hisably-api","timestamp":"2026-08-31T10:37:47.695Z"}
{"level":"info","message":"Server is running on : http://localhost:3000","service":"hisably-api","timestamp":"2026-08-31T10:37:47.696Z"}
{"level":"info","message":"Swagger documentation available at: http://localhost:3000/api-docs","service":"hisably-api","timestamp":"2026-08-31T10:37:47.698Z"}
{"level":"info","message":"Hisably API is running on port 3000 in development mode","service":"hisably-api","timestamp":"2026-08-31T10:38:10.017Z"}
{"level":"info","message":"✅ Database connected successfully","service":"hisably-api","timestamp":"2026-08-31T10:38:10.030Z"}
{"level":"info","message":"Server is running on : http://localhost:3000","service":"hisably-api","timestamp":"2026-08-31T10:38:10.032Z"}
{"level":"info","message":"Swagger documentation available at: http://localhost:3000/api-docs","service":"hisably-api","timestamp":"2026-08-31T10:38:10.034Z"}
{"level":"info","message":"Hisably API is running on port 3000 in development mode","service":"hisably-api","timestamp":"2026-08-31T10:38:10.678Z"}
{"level":"info","message":"✅ Database connected successfully","service":"hisably-api","timestamp":"2026-08-31T10:38:10.688Z"}
{"level":"info","message":"Server is running on : http://localhost:3000","service":"hisably-api","timestamp":"2026-08-31T10:38:10.690Z"}
{"level":"info","message":"Swagger documentation available at: http://localhost:3000/api-docs","service":"hisably-api","timestamp":"2026-08-31T10:38:10.692Z"}
{"level":"info","message":"Hisably API is running on port 3000 in development mode","service":"hisably-api","timestamp":"2026-08-31T10:40:14.740Z"}
{"level":"info","message":"✅ Database connected successfully","service":"hisably-api","timestamp":"2026-08-31T10:40:14.754Z"}
{"level":"info","message":"Server is running on : http://localhost:3000","service":"hisably-api","timestamp":"2026-08-31T10:40:14.756Z"}
{"level":"info","message":"Swagger documentation available at: http://localhost:3000/api-docs","service":"hisably-api","timestamp":"2026-08-31T10:40:14.758Z"}
{"level":"info","message":"Hisably API is running on port 3000 in development mode","service":"hisably-api","timestamp":"2026-08-31T10:40:14.748Z"}
{"level":"info","message":"✅ Database connected successfully","service":"hisably-api","timestamp":"2026-08-31T10:40:14.757Z"}
{"level":"info","message":"Server is running on : http://localhost:3000","service":"hisably-api","timestamp":"2026-08-31T10:40:14.760Z"}
{"level":"info","message":"Swagger documentation available at: http://localhost:3000/api-docs","service":"hisably-api","timestamp":"2026-08-31T10:40:14.761Z"}
{"level":"info","message":"Hisably API is running on port 3000 in development mode","service":"hisably-api","timestamp":"2026-08-31T10:40:51.757Z"}
{"level":"info","message":"✅ Database connected successfully","service":"hisably-api","timestamp":"2026-08-31T10:40:51.764Z"}
{"level":"info","message":"Server is running on : http://localhost:3000","service":"hisably-api","timestamp":"2026-08-31T10:40:51.765Z"}
{"level":"info","message":"Swagger documentation available at: http://localhost:3000/api-docs","service":"hisably-api","timestamp":"2026-08-31T10:40:51.766Z"}
{"level":"info","message":"Hisably API is running on port 3000 in development mode","service":"hisably-api","timestamp":"2026-08-31T10:40:52.524Z"}
{"level":"info","message":"✅ Database connected successfully","service":"hisably-api","timestamp":"2026-08-31T10:40:52.534Z"}
{"level":"info","message":"Server is running on : http://localhost:3000","service":"hisably-api","timestamp":"2026-08-31T10:40:52.536Z"}
{"level":"info","message":"Swagger documentation available at: http://localhost:3000/api-docs","service":"hisably-api","timestamp":"2026-08-31T10:40:52.538Z"}
{"level":"info","message":"Hisably API is running on port 3000 in development mode","service":"hisably-api","timestamp":"2026-08-31T10:41:02.004Z"}
{"level":"info","message":"✅ Database connected successfully","service":"hisably-api","timestamp":"2026-08-31T10:41:02.013Z"}
{"level":"info","message":"Server is running on : http://localhost:3000","service":"hisably-api","timestamp":"2026-08-31T10:41:02.015Z"}
{"level":"info","message":"Swagger documentation available at: http://localhost:3000/api-docs","service":"hisably-api","timestamp":"2026-08-31T10:41:02.016Z"}
{"level":"info","message":"Hisably API is running on port 3000 in development mode","service":"hisably-api","timestamp":"2026-08-31T10:41:02.973Z"}
{"level":"info","message":"✅ Database connected successfully","service":"hisably-api","timestamp":"2026-08-31T10:41:02.980Z"}
{"level":"info","message":"Server is running on : http://localhost:3000","service":"hisably-api","timestamp":"2026-08-31T10:41:02.982Z"}
{"level":"info","message":"Swagger documentation available at: http://localhost:3000/api-docs","service":"hisably-api","timestamp":"2026-08-31T10:41:02.983Z"}
{"level":"info","message":"Hisably API is running on port 3000 in development mode","service":"hisably-api","timestamp":"2026-08-31T10:41:10.713Z"}
{"level":"info","message":"✅ Database connected successfully","service":"hisably-api","timestamp":"2026-08-31T10:41:10.724Z"}
{"level":"info","message":"Server is running on : http://localhost:3000","service":"hisably-api","timestamp":"2026-08-31T10:41:10.725Z"}
{"level":"info","message":"Swagger documentation available at: http://localhost:3000/api-docs","service":"hisably-api","timestamp":"2026-08-31T10:41:10.727Z"}
{"level":"info","message":"Hisably API is running on port 3000 in development mode","service":"hisably-api","timestamp":"2026-08-31T10:41:11.099Z"}
{"level":"info","message":"✅ Database connected successfully","service":"hisably-api","timestamp":"2026-08-31T10:41:11.145Z"}
{"level":"info","message":"Server is running on : http://localhost:3000","service":"hisably-api","timestamp":"2026-08-31T10:41:11.154Z"}
{"level":"info","message":"Swagger documentation available at: http://localhost:3000/api-docs","service":"hisably-api","timestamp":"2026-08-31T10:41:11.158Z"}
{"level":"info","message":"Hisably API is running on port 3000 in development mode","service":"hisably-api","timestamp":"2026-08-31T10:41:20.242Z"}
{"level":"info","message":"✅ Database connected successfully","service":"hisably-api","timestamp":"2026-08-31T10:41:20.257Z"}
{"level":"info","message":"Server is running on : http://localhost:3000","service":"hisably-api","timestamp":"2026-08-31T10:41:20.260Z"}
{"level":"info","message":"Swagger documentation available at: http://localhost:3000/api-docs","service":"hisably-api","timestamp":"2026-08-31T10:41:20.262Z"}
{"level":"info","message":"Hisably API is running on port 3000 in development mode","service":"hisably-api","timestamp":"2026-08-31T10:41:21.438Z"}
{"level":"info","message":"✅ Database connected successfully","service":"hisably-api","timestamp":"2026-08-31T10:41:21.456Z"}
{"level":"info","message":"Server is running on : http://localhost:3000","service":"hisably-api","timestamp":"2026-08-31T10:41:21.458Z"}
{"level":"info","message":"Swagger documentation available at: http://localhost:3000/api-docs","service":"hisably-api","timestamp":"2026-08-31T10:41:21.461Z"}
{"level":"info","message":"Hisably API is running on port 3000 in development mode","service":"hisably-api","timestamp":"2026-08-31T10:41:29.984Z"}
{"level":"info","message":"✅ Database connected successfully","service":"hisably-api","timestamp":"2026-08-31T10:41:29.994Z"}
{"level":"info","message":"Server is running on : http://localhost:3000","service":"hisably-api","timestamp":"2026-08-31T10:41:29.997Z"}
{"level":"info","message":"Swagger documentation available at: http://localhost:3000/api-docs","service":"hisably-api","timestamp":"2026-08-31T10:41:29.999Z"}
{"level":"info","message":"Hisably API is running on port 3000 in development mode","service":"hisably-api","timestamp":"2026-08-31T10:41:30.644Z"}
{"level":"info","message":"✅ Database connected successfully","service":"hisably-api","timestamp":"2026-08-31T10:41:30.654Z"}
{"level":"info","message":"Server is running on : http://localhost:3000","service":"hisably-api","timestamp":"2026-08-31T10:41:30.656Z"}
{"level":"info","message":"Swagger documentation available at: http://localhost:3000/api-docs","service":"hisably-api","timestamp":"2026-08-31T10:41:30.657Z"}
{"level":"info","message":"Hisably API is running on port 3000 in development mode","service":"hisably-api","timestamp":"2026-09-01T10:41:23.957Z"}
{"level":"info","message":"✅ Database connected successfully","service":"hisably-api","timestamp":"2026-09-01T10:41:24.002Z"}
{"level":"info","message":"Server is running on : http://localhost:3000","service":"hisably-api","timestamp":"2026-09-01T10:41:24.014Z"}
{"level":"info","message":"Swagger documentation available at: http://localhost:3000/api-docs","service":"hisably-api","timestamp":"2026-09-01T10:41:24.024Z"}
{"level":"info","message":"Hisably API is running on port 3000 in development mode","service":"hisably-api","timestamp":"2026-09-02T07:52:15.963Z"}
{"level":"info","message":"✅ Database connected successfully","service":"hisably-api","timestamp":"2026-09-02T07:52:15.972Z"}
{"level":"info","message":"Server is running on : http://localhost:3000","service":"hisably-api","timestamp":"2026-09-02T07:52:15.974Z"}
{"level":"info","message":"Swagger documentation available at: http://localhost:3000/api-docs","service":"hisably-api","timestamp":"2026-09-02T07:52:15.975Z"}
{"level":"info","message":"Hisably API is running on port 3000 in development mode","service":"hisably-api","timestamp":"2026-09-02T09:25:13.476Z"}
{"level":"info","message":"✅ Database connected successfully","service":"hisably-api","timestamp":"2026-09-02T09:25:13.483Z"}
{"level":"info","message":"Server is running on : http://localhost:3000","service":"hisably-api","timestamp":"2026-09-02T09:25:13.484Z"}
{"level":"info","message":"Swagger documentation available at: http://localhost:3000/api-docs","service":"hisably-api","timestamp":"2026-09-02T09:25:13.485Z"}
{"level":"info","message":"Hisably API is running on port 3000 in development mode","service":"hisably-api","timestamp":"2026-09-02T09:25:24.194Z"}
{"level":"info","message":"✅ Database connected successfully","service":"hisably-api","timestamp":"2026-09-02T09:25:24.197Z"}
{"level":"info","message":"Server is running on : http://localhost:3000","service":"hisably-api","timestamp":"2026-09-02T09:25:24.198Z"}
{"level":"info","message":"Swagger documentation available at: http://localhost:3000/api-docs","service":"hisably-api","timestamp":"2026-09-02T09:25:24.199Z"}
{"level":"info","message":"Hisably API is running on port 3000 in development mode","service":"hisably-api","timestamp":"2026-09-02T09:25:38.849Z"}
{"level":"info","message":"✅ Database connected successfully","service":"hisably-api","timestamp":"2026-09-02T09:25:38.858Z"}
{"level":"info","message":"Server is running on : http://localhost:3000","service":"hisably-api","timestamp":"2026-09-02T09:25:38.861Z"}
{"level":"info","message":"Swagger documentation available at: http://localhost:3000/api-docs","service":"hisably-api","timestamp":"2026-09-02T09:25:38.862Z"}
{"level":"info","message":"Hisably API is running on port 3000 in development mode","service":"hisably-api","timestamp":"2026-09-02T09:25:47.943Z"}
{"level":"info","message":"✅ Database connected successfully","service":"hisably-api","timestamp":"2026-09-02T09:25:47.948Z"}
{"level":"info","message":"Server is running on : http://localhost:3000","service":"hisably-api","timestamp":"2026-09-02T09:25:47.948Z"}
{"level":"info","message":"Swagger documentation available at: http://localhost:3000/api-docs","service":"hisably-api","timestamp":"2026-09-02T09:25:47.950Z"}
{"level":"info","message":"Hisably API is running on port 3000 in development mode","service":"hisably-api","timestamp":"2026-09-02T09:26:01.427Z"}
{"level":"info","message":"✅ Database connected successfully","service":"hisably-api","timestamp":"2026-09-02T09:26:01.432Z"}
{"level":"info","message":"Server is running on : http://localhost:3000","service":"hisably-api","timestamp":"2026-09-02T09:26:01.433Z"}
{"level":"info","message":"Swagger documentation available at: http://localhost:3000/api-docs","service":"hisably-api","timestamp":"2026-09-02T09:26:01.435Z"}
{"level":"info","message":"Hisably API is running on port 3000 in development mode","service":"hisably-api","timestamp":"2026-09-02T09:26:08.740Z"}
{"level":"info","message":"✅ Database connected successfully","service":"hisably-api","timestamp":"2026-09-02T09:26:08.744Z"}
{"level":"info","message":"Server is running on : http://localhost:3000","service":"hisably-api","timestamp":"2026-09-02T09:26:08.745Z"}
{"level":"info","message":"Swagger documentation available at: http://localhost:3000/api-docs","service":"hisably-api","timestamp":"2026-09-02T09:26:08.746Z"}
{"level":"info","message":"Hisably API is running on port 3000 in development mode","service":"hisably-api","timestamp":"2026-09-02T09:26:20.338Z"}
{"level":"info","message":"✅ Database connected successfully","service":"hisably-api","timestamp":"2026-09-02T09:26:20.343Z"}
{"level":"info","message":"Server is running on : http://localhost:3000","service":"hisably-api","timestamp":"2026-09-02T09:26:20.344Z"}
{"level":"info","message":"Swagger documentation available at: http://localhost:3000/api-docs","service":"hisably-api","timestamp":"2026-09-02T09:26:20.344Z"}
{"level":"info","message":"Hisably API is running on port 3000 in development mode","service":"hisably-api","timestamp":"2026-09-02T09:26:28.572Z"}
{"level":"info","message":"✅ Database connected successfully","service":"hisably-api","timestamp":"2026-09-02T09:26:28.577Z"}
{"level":"info","message":"Server is running on : http://localhost:3000","service":"hisably-api","timestamp":"2026-09-02T09:26:28.578Z"}
{"level":"info","message":"Swagger documentation available at: http://localhost:3000/api-docs","service":"hisably-api","timestamp":"2026-09-02T09:26:28.580Z"}
{"level":"info","message":"Hisably API is running on port 3000 in development mode","service":"hisably-api","timestamp":"2026-09-02T09:26:50.391Z"}
{"level":"info","message":"✅ Database connected successfully","service":"hisably-api","timestamp":"2026-09-02T09:26:50.401Z"}
{"level":"info","message":"Server is running on : http://localhost:3000","service":"hisably-api","timestamp":"2026-09-02T09:26:50.403Z"}
{"level":"info","message":"Swagger documentation available at: http://localhost:3000/api-docs","service":"hisably-api","timestamp":"2026-09-02T09:26:50.405Z"}
{"level":"info","message":"Hisably API is running on port 3000 in development mode","service":"hisably-api","timestamp":"2026-09-02T09:26:56.968Z"}
{"level":"info","message":"✅ Database connected successfully","service":"hisably-api","timestamp":"2026-09-02T09:26:56.973Z"}
{"level":"info","message":"Server is running on : http://localhost:3000","service":"hisably-api","timestamp":"2026-09-02T09:26:56.975Z"}
{"level":"info","message":"Swagger documentation available at: http://localhost:3000/api-docs","service":"hisably-api","timestamp":"2026-09-02T09:26:56.976Z"}
{"level":"info","message":"Hisably API is running on port 3000 in development mode","service":"hisably-api","timestamp":"2026-09-02T09:27:03.435Z"}
{"level":"info","message":"✅ Database connected successfully","service":"hisably-api","timestamp":"2026-09-02T09:27:03.442Z"}
{"level":"info","message":"Server is running on : http://localhost:3000","service":"hisably-api","timestamp":"2026-09-02T09:27:03.444Z"}
{"level":"info","message":"Swagger documentation available at: http://localhost:3000/api-docs","service":"hisably-api","timestamp":"2026-09-02T09:27:03.445Z"}
{"level":"info","message":"Hisably API is running on port 3000 in development mode","service":"hisably-api","timestamp":"2026-09-02T09:27:12.823Z"}
{"level":"info","message":"✅ Database connected successfully","service":"hisably-api","timestamp":"2026-09-02T09:27:12.828Z"}
{"level":"info","message":"Server is running on : http://localhost:3000","service":"hisably-api","timestamp":"2026-09-02T09:27:12.829Z"}
{"level":"info","message":"Swagger documentation available at: http://localhost:3000/api-docs","service":"hisably-api","timestamp":"2026-09-02T09:27:12.830Z"}
{"level":"info","message":"Hisably API is running on port 3000 in development mode","service":"hisably-api","timestamp":"2026-09-02T09:27:18.662Z"}
{"level":"info","message":"✅ Database connected successfully","service":"hisably-api","timestamp":"2026-09-02T09:27:18.667Z"}
{"level":"info","message":"Server is running on : http://localhost:3000","service":"hisably-api","timestamp":"2026-09-02T09:27:18.669Z"}
{"level":"info","message":"Swagger documentation available at: http://localhost:3000/api-docs","service":"hisably-api","timestamp":"2026-09-02T09:27:18.669Z"}
{"level":"info","message":"Hisably API is running on port 3000 in development mode","service":"hisably-api","timestamp":"2026-09-02T09:27:24.403Z"}
{"level":"info","message":"✅ Database connected successfully","service":"hisably-api","timestamp":"2026-09-02T09:27:24.411Z"}
{"level":"info","message":"Server is running on : http://localhost:3000","service":"hisably-api","timestamp":"2026-09-02T09:27:24.413Z"}
{"level":"info","message":"Swagger documentation available at: http://localhost:3000/api-docs","service":"hisably-api","timestamp":"2026-09-02T09:27:24.414Z"}
{"level":"info","message":"Hisably API is running on port 3000 in development mode","service":"hisably-api","timestamp":"2026-09-02T09:27:36.984Z"}
{"level":"info","message":"✅ Database connected successfully","service":"hisably-api","timestamp":"2026-09-02T09:27:36.992Z"}
{"level":"info","message":"Server is running on : http://localhost:3000","service":"hisably-api","timestamp":"2026-09-02T09:27:36.998Z"}
{"level":"info","message":"Swagger documentation available at: http://localhost:3000/api-docs","service":"hisably-api","timestamp":"2026-09-02T09:27:37.002Z"}
{"level":"info","message":"Hisably API is running on port 3000 in development mode","service":"hisably-api","timestamp":"2026-09-02T09:27:45.494Z"}
{"level":"info","message":"✅ Database connected successfully","service":"hisably-api","timestamp":"2026-09-02T09:27:45.499Z"}
{"level":"info","message":"Server is running on : http://localhost:3000","service":"hisably-api","timestamp":"2026-09-02T09:27:45.500Z"}
{"level":"info","message":"Swagger documentation available at: http://localhost:3000/api-docs","service":"hisably-api","timestamp":"2026-09-02T09:27:45.501Z"}
{"level":"info","message":"Hisably API is running on port 3000 in development mode","service":"hisably-api","timestamp":"2026-09-02T09:27:52.493Z"}
{"level":"info","message":"✅ Database connected successfully","service":"hisably-api","timestamp":"2026-09-02T09:27:52.500Z"}
{"level":"info","message":"Server is running on : http://localhost:3000","service":"hisably-api","timestamp":"2026-09-02T09:27:52.501Z"}
{"level":"info","message":"Swagger documentation available at: http://localhost:3000/api-docs","service":"hisably-api","timestamp":"2026-09-02T09:27:52.502Z"}
{"level":"info","message":"Hisably API is running on port 3000 in development mode","service":"hisably-api","timestamp":"2026-09-02T09:28:08.411Z"}
{"level":"info","message":"✅ Database connected successfully","service":"hisably-api","timestamp":"2026-09-02T09:28:08.424Z"}
{"level":"info","message":"Server is running on : http://localhost:3000","service":"hisably-api","timestamp":"2026-09-02T09:28:08.426Z"}
{"level":"info","message":"Swagger documentation available at: http://localhost:3000/api-docs","service":"hisably-api","timestamp":"2026-09-02T09:28:08.427Z"}
{"level":"info","message":"Hisably API is running on port 3000 in development mode","service":"hisably-api","timestamp":"2026-09-02T09:28:11.531Z"}
{"level":"info","message":"✅ Database connected successfully","service":"hisably-api","timestamp":"2026-09-02T09:28:11.536Z"}
{"level":"info","message":"Server is running on : http://localhost:3000","service":"hisably-api","timestamp":"2026-09-02T09:28:11.537Z"}
{"level":"info","message":"Swagger documentation available at: http://localhost:3000/api-docs","service":"hisably-api","timestamp":"2026-09-02T09:28:11.538Z"}
{"level":"info","message":"Hisably API is running on port 3000 in development mode","service":"hisably-api","timestamp":"2026-09-02T09:28:15.780Z"}
{"level":"info","message":"✅ Database connected successfully","service":"hisably-api","timestamp":"2026-09-02T09:28:15.783Z"}
{"level":"info","message":"Server is running on : http://localhost:3000","service":"hisably-api","timestamp":"2026-09-02T09:28:15.784Z"}
{"level":"info","message":"Swagger documentation available at: http://localhost:3000/api-docs","service":"hisably-api","timestamp":"2026-09-02T09:28:15.784Z"}
{"level":"info","message":"Hisably API is running on port 3000 in development mode","service":"hisably-api","timestamp":"2026-09-02T09:28:21.039Z"}
{"level":"info","message":"✅ Database connected successfully","service":"hisably-api","timestamp":"2026-09-02T09:28:21.042Z"}
{"level":"info","message":"Server is running on : http://localhost:3000","service":"hisably-api","timestamp":"2026-09-02T09:28:21.042Z"}
{"level":"info","message":"Swagger documentation available at: http://localhost:3000/api-docs","service":"hisably-api","timestamp":"2026-09-02T09:28:21.043Z"}
{"level":"info","message":"Hisably API is running on port 3000 in development mode","service":"hisably-api","timestamp":"2026-09-02T09:28:28.068Z"}
{"level":"info","message":"✅ Database connected successfully","service":"hisably-api","timestamp":"2026-09-02T09:28:28.073Z"}
{"level":"info","message":"Server is running on : http://localhost:3000","service":"hisably-api","timestamp":"2026-09-02T09:28:28.075Z"}
{"level":"info","message":"Swagger documentation available at: http://localhost:3000/api-docs","service":"hisably-api","timestamp":"2026-09-02T09:28:28.075Z"}
{"level":"info","message":"Hisably API is running on port 3000 in development mode","service":"hisably-api","timestamp":"2026-09-02T09:28:34.705Z"}
{"level":"info","message":"✅ Database connected successfully","service":"hisably-api","timestamp":"2026-09-02T09:28:34.711Z"}
{"level":"info","message":"Server is running on : http://localhost:3000","service":"hisably-api","timestamp":"2026-09-02T09:28:34.712Z"}
{"level":"info","message":"Swagger documentation available at: http://localhost:3000/api-docs","service":"hisably-api","timestamp":"2026-09-02T09:28:34.713Z"}
{"level":"info","message":"Hisably API is running on port 3000 in development mode","service":"hisably-api","timestamp":"2026-09-02T09:28:40.662Z"}
{"level":"info","message":"✅ Database connected successfully","service":"hisably-api","timestamp":"2026-09-02T09:28:40.665Z"}
{"level":"info","message":"Server is running on : http://localhost:3000","service":"hisably-api","timestamp":"2026-09-02T09:28:40.666Z"}
{"level":"info","message":"Swagger documentation available at: http://localhost:3000/api-docs","service":"hisably-api","timestamp":"2026-09-02T09:28:40.666Z"}
{"level":"info","message":"Hisably API is running on port 3000 in development mode","service":"hisably-api","timestamp":"2026-09-02T09:28:48.602Z"}
{"level":"info","message":"✅ Database connected successfully","service":"hisably-api","timestamp":"2026-09-02T09:28:48.606Z"}
{"level":"info","message":"Server is running on : http://localhost:3000","service":"hisably-api","timestamp":"2026-09-02T09:28:48.607Z"}
{"level":"info","message":"Swagger documentation available at: http://localhost:3000/api-docs","service":"hisably-api","timestamp":"2026-09-02T09:28:48.608Z"}
{"level":"info","message":"Hisably API is running on port 3000 in development mode","service":"hisably-api","timestamp":"2026-09-02T09:28:59.339Z"}
{"level":"info","message":"✅ Database connected successfully","service":"hisably-api","timestamp":"2026-09-02T09:28:59.344Z"}
{"level":"info","message":"Server is running on : http://localhost:3000","service":"hisably-api","timestamp":"2026-09-02T09:28:59.345Z"}
{"level":"info","message":"Swagger documentation available at: http://localhost:3000/api-docs","service":"hisably-api","timestamp":"2026-09-02T09:28:59.346Z"}
{"level":"info","message":"Hisably API is running on port 3000 in development mode","service":"hisably-api","timestamp":"2026-09-02T09:29:09.837Z"}
{"level":"info","message":"✅ Database connected successfully","service":"hisably-api","timestamp":"2026-09-02T09:29:09.841Z"}
{"level":"info","message":"Server is running on : http://localhost:3000","service":"hisably-api","timestamp":"2026-09-02T09:29:09.842Z"}
{"level":"info","message":"Swagger documentation available at: http://localhost:3000/api-docs","service":"hisably-api","timestamp":"2026-09-02T09:29:09.843Z"}
{"ip":"::1","level":"error","message":"Invalid or expired token","method":"GET","service":"hisably-api","stack":"Error: Invalid or expired token\n    at authenticate (C:\\Users\\Bijesh\\Desktop\\Hisably\\Backend\\src\\middlewares\\auth.middleware.js:19:10)\n    at Layer.handleRequest (C:\\Users\\Bijesh\\Desktop\\Hisably\\Backend\\node_modules\\router\\lib\\layer.js:152:17)\n    at trimPrefix (C:\\Users\\Bijesh\\Desktop\\Hisably\\Backend\\node_modules\\router\\index.js:342:13)\n    at C:\\Users\\Bijesh\\Desktop\\Hisably\\Backend\\node_modules\\router\\index.js:297:9\n    at processParams (C:\\Users\\Bijesh\\Desktop\\Hisably\\Backend\\node_modules\\router\\index.js:582:12)\n    at next (C:\\Users\\Bijesh\\Desktop\\Hisably\\Backend\\node_modules\\router\\index.js:291:5)\n    at Function.handle (C:\\Users\\Bijesh\\Desktop\\Hisably\\Backend\\node_modules\\router\\index.js:186:3)\n    at router (C:\\Users\\Bijesh\\Desktop\\Hisably\\Backend\\node_modules\\router\\index.js:60:12)\n    at Layer.handleRequest (C:\\Users\\Bijesh\\Desktop\\Hisably\\Backend\\node_modules\\router\\lib\\layer.js:152:17)\n    at trimPrefix (C:\\Users\\Bijesh\\Desktop\\Hisably\\Backend\\node_modules\\router\\index.js:342:13)","statusCode":401,"timestamp":"2026-09-02T09:41:09.499Z","url":"/api/v1/products"}
{"level":"info","message":"Hisably API is running on port 3000 in development mode","service":"hisably-api","timestamp":"2026-09-02T10:28:49.336Z"}
{"level":"info","message":"✅ Database connected successfully","service":"hisably-api","timestamp":"2026-09-02T10:28:49.339Z"}
{"level":"info","message":"Server is running on : http://localhost:3000","service":"hisably-api","timestamp":"2026-09-02T10:28:49.339Z"}
{"level":"info","message":"Swagger documentation available at: http://localhost:3000/api-docs","service":"hisably-api","timestamp":"2026-09-02T10:28:49.340Z"}
{"level":"info","message":"Hisably API is running on port 3000 in development mode","service":"hisably-api","timestamp":"2026-09-02T10:29:10.914Z"}
{"level":"info","message":"✅ Database connected successfully","service":"hisably-api","timestamp":"2026-09-02T10:29:10.917Z"}
{"level":"info","message":"Server is running on : http://localhost:3000","service":"hisably-api","timestamp":"2026-09-02T10:29:10.918Z"}
{"level":"info","message":"Swagger documentation available at: http://localhost:3000/api-docs","service":"hisably-api","timestamp":"2026-09-02T10:29:10.918Z"}
{"level":"info","message":"Hisably API is running on port 3000 in development mode","service":"hisably-api","timestamp":"2026-09-02T10:29:21.873Z"}
{"level":"info","message":"✅ Database connected successfully","service":"hisably-api","timestamp":"2026-09-02T10:29:21.876Z"}
{"level":"info","message":"Server is running on : http://localhost:3000","service":"hisably-api","timestamp":"2026-09-02T10:29:21.877Z"}
{"level":"info","message":"Swagger documentation available at: http://localhost:3000/api-docs","service":"hisably-api","timestamp":"2026-09-02T10:29:21.877Z"}
{"level":"info","message":"Hisably API is running on port 3000 in development mode","service":"hisably-api","timestamp":"2026-09-02T10:29:33.423Z"}
{"level":"info","message":"✅ Database connected successfully","service":"hisably-api","timestamp":"2026-09-02T10:29:33.429Z"}
{"level":"info","message":"Server is running on : http://localhost:3000","service":"hisably-api","timestamp":"2026-09-02T10:29:33.430Z"}
{"level":"info","message":"Swagger documentation available at: http://localhost:3000/api-docs","service":"hisably-api","timestamp":"2026-09-02T10:29:33.431Z"}
{"level":"info","message":"Hisably API is running on port 3000 in development mode","service":"hisably-api","timestamp":"2026-09-02T10:29:52.430Z"}
{"level":"info","message":"✅ Database connected successfully","service":"hisably-api","timestamp":"2026-09-02T10:29:52.435Z"}
{"level":"info","message":"Server is running on : http://localhost:3000","service":"hisably-api","timestamp":"2026-09-02T10:29:52.435Z"}
{"level":"info","message":"Swagger documentation available at: http://localhost:3000/api-docs","service":"hisably-api","timestamp":"2026-09-02T10:29:52.436Z"}
{"level":"info","message":"Hisably API is running on port 3000 in development mode","service":"hisably-api","timestamp":"2026-09-02T10:36:00.382Z"}
{"level":"info","message":"✅ Database connected successfully","service":"hisably-api","timestamp":"2026-09-02T10:36:00.385Z"}
{"level":"info","message":"Server is running on : http://localhost:3000","service":"hisably-api","timestamp":"2026-09-02T10:36:00.385Z"}
{"level":"info","message":"Swagger documentation available at: http://localhost:3000/api-docs","service":"hisably-api","timestamp":"2026-09-02T10:36:00.385Z"}
{"level":"info","message":"Hisably API is running on port 3000 in development mode","service":"hisably-api","timestamp":"2026-09-02T10:36:15.526Z"}
{"level":"info","message":"✅ Database connected successfully","service":"hisably-api","timestamp":"2026-09-02T10:36:15.529Z"}
{"level":"info","message":"Server is running on : http://localhost:3000","service":"hisably-api","timestamp":"2026-09-02T10:36:15.530Z"}
{"level":"info","message":"Swagger documentation available at: http://localhost:3000/api-docs","service":"hisably-api","timestamp":"2026-09-02T10:36:15.530Z"}
{"level":"info","message":"Hisably API is running on port 3000 in development mode","service":"hisably-api","timestamp":"2026-09-02T10:36:28.570Z"}
{"level":"info","message":"✅ Database connected successfully","service":"hisably-api","timestamp":"2026-09-02T10:36:28.572Z"}
{"level":"info","message":"Server is running on : http://localhost:3000","service":"hisably-api","timestamp":"2026-09-02T10:36:28.573Z"}
{"level":"info","message":"Swagger documentation available at: http://localhost:3000/api-docs","service":"hisably-api","timestamp":"2026-09-02T10:36:28.573Z"}
{"level":"info","message":"Hisably API is running on port 3000 in development mode","service":"hisably-api","timestamp":"2026-09-02T10:36:39.123Z"}
{"level":"info","message":"✅ Database connected successfully","service":"hisably-api","timestamp":"2026-09-02T10:36:39.126Z"}
{"level":"info","message":"Server is running on : http://localhost:3000","service":"hisably-api","timestamp":"2026-09-02T10:36:39.127Z"}
{"level":"info","message":"Swagger documentation available at: http://localhost:3000/api-docs","service":"hisably-api","timestamp":"2026-09-02T10:36:39.128Z"}
{"level":"info","message":"Hisably API is running on port 3000 in development mode","service":"hisably-api","timestamp":"2026-09-02T10:36:48.290Z"}
{"level":"info","message":"✅ Database connected successfully","service":"hisably-api","timestamp":"2026-09-02T10:36:48.293Z"}
{"level":"info","message":"Server is running on : http://localhost:3000","service":"hisably-api","timestamp":"2026-09-02T10:36:48.294Z"}
{"level":"info","message":"Swagger documentation available at: http://localhost:3000/api-docs","service":"hisably-api","timestamp":"2026-09-02T10:36:48.294Z"}
{"level":"info","message":"Hisably API is running on port 3000 in development mode","service":"hisably-api","timestamp":"2026-09-02T10:36:53.267Z"}
{"level":"info","message":"✅ Database connected successfully","service":"hisably-api","timestamp":"2026-09-02T10:36:53.270Z"}
{"level":"info","message":"Server is running on : http://localhost:3000","service":"hisably-api","timestamp":"2026-09-02T10:36:53.271Z"}
{"level":"info","message":"Swagger documentation available at: http://localhost:3000/api-docs","service":"hisably-api","timestamp":"2026-09-02T10:36:53.271Z"}
{"level":"info","message":"Hisably API is running on port 3000 in development mode","service":"hisably-api","timestamp":"2026-09-02T10:36:58.019Z"}
{"level":"info","message":"✅ Database connected successfully","service":"hisably-api","timestamp":"2026-09-02T10:36:58.022Z"}
{"level":"info","message":"Server is running on : http://localhost:3000","service":"hisably-api","timestamp":"2026-09-02T10:36:58.023Z"}
{"level":"info","message":"Swagger documentation available at: http://localhost:3000/api-docs","service":"hisably-api","timestamp":"2026-09-02T10:36:58.024Z"}
{"level":"info","message":"Hisably API is running on port 3000 in development mode","service":"hisably-api","timestamp":"2026-09-02T10:37:06.444Z"}
{"level":"info","message":"✅ Database connected successfully","service":"hisably-api","timestamp":"2026-09-02T10:37:06.448Z"}
{"level":"info","message":"Server is running on : http://localhost:3000","service":"hisably-api","timestamp":"2026-09-02T10:37:06.449Z"}
{"level":"info","message":"Swagger documentation available at: http://localhost:3000/api-docs","service":"hisably-api","timestamp":"2026-09-02T10:37:06.450Z"}
{"ip":"::1","level":"error","message":"Invalid or expired token","method":"GET","service":"hisably-api","stack":"Error: Invalid or expired token\n    at authenticate (C:\\Users\\Bijesh\\Desktop\\Hisably\\Backend\\src\\middlewares\\auth.middleware.js:19:10)\n    at Layer.handleRequest (C:\\Users\\Bijesh\\Desktop\\Hisably\\Backend\\node_modules\\router\\lib\\layer.js:152:17)\n    at trimPrefix (C:\\Users\\Bijesh\\Desktop\\Hisably\\Backend\\node_modules\\router\\index.js:342:13)\n    at C:\\Users\\Bijesh\\Desktop\\Hisably\\Backend\\node_modules\\router\\index.js:297:9\n    at processParams (C:\\Users\\Bijesh\\Desktop\\Hisably\\Backend\\node_modules\\router\\index.js:582:12)\n    at next (C:\\Users\\Bijesh\\Desktop\\Hisably\\Backend\\node_modules\\router\\index.js:291:5)\n    at Function.handle (C:\\Users\\Bijesh\\Desktop\\Hisably\\Backend\\node_modules\\router\\index.js:186:3)\n    at router (C:\\Users\\Bijesh\\Desktop\\Hisably\\Backend\\node_modules\\router\\index.js:60:12)\n    at Layer.handleRequest (C:\\Users\\Bijesh\\Desktop\\Hisably\\Backend\\node_modules\\router\\lib\\layer.js:152:17)\n    at trimPrefix (C:\\Users\\Bijesh\\Desktop\\Hisably\\Backend\\node_modules\\router\\index.js:342:13)","statusCode":401,"timestamp":"2026-09-02T10:55:25.936Z","url":"/api/v1/reconciliation/qr"}
{"ip":"::1","level":"error","message":"Invalid or expired token","method":"GET","service":"hisably-api","stack":"Error: Invalid or expired token\n    at authenticate (C:\\Users\\Bijesh\\Desktop\\Hisably\\Backend\\src\\middlewares\\auth.middleware.js:19:10)\n    at Layer.handleRequest (C:\\Users\\Bijesh\\Desktop\\Hisably\\Backend\\node_modules\\router\\lib\\layer.js:152:17)\n    at trimPrefix (C:\\Users\\Bijesh\\Desktop\\Hisably\\Backend\\node_modules\\router\\index.js:342:13)\n    at C:\\Users\\Bijesh\\Desktop\\Hisably\\Backend\\node_modules\\router\\index.js:297:9\n    at processParams (C:\\Users\\Bijesh\\Desktop\\Hisably\\Backend\\node_modules\\router\\index.js:582:12)\n    at next (C:\\Users\\Bijesh\\Desktop\\Hisably\\Backend\\node_modules\\router\\index.js:291:5)\n    at Function.handle (C:\\Users\\Bijesh\\Desktop\\Hisably\\Backend\\node_modules\\router\\index.js:186:3)\n    at router (C:\\Users\\Bijesh\\Desktop\\Hisably\\Backend\\node_modules\\router\\index.js:60:12)\n    at Layer.handleRequest (C:\\Users\\Bijesh\\Desktop\\Hisably\\Backend\\node_modules\\router\\lib\\layer.js:152:17)\n    at trimPrefix (C:\\Users\\Bijesh\\Desktop\\Hisably\\Backend\\node_modules\\router\\index.js:342:13)","statusCode":401,"timestamp":"2026-09-02T10:55:25.957Z","url":"/api/v1/reconciliation/qr"}
{"ip":"::1","level":"error","message":"Invalid or expired token","method":"GET","service":"hisably-api","stack":"Error: Invalid or expired token\n    at authenticate (C:\\Users\\Bijesh\\Desktop\\Hisably\\Backend\\src\\middlewares\\auth.middleware.js:19:10)\n    at Layer.handleRequest (C:\\Users\\Bijesh\\Desktop\\Hisably\\Backend\\node_modules\\router\\lib\\layer.js:152:17)\n    at trimPrefix (C:\\Users\\Bijesh\\Desktop\\Hisably\\Backend\\node_modules\\router\\index.js:342:13)\n    at C:\\Users\\Bijesh\\Desktop\\Hisably\\Backend\\node_modules\\router\\index.js:297:9\n    at processParams (C:\\Users\\Bijesh\\Desktop\\Hisably\\Backend\\node_modules\\router\\index.js:582:12)\n    at next (C:\\Users\\Bijesh\\Desktop\\Hisably\\Backend\\node_modules\\router\\index.js:291:5)\n    at Function.handle (C:\\Users\\Bijesh\\Desktop\\Hisably\\Backend\\node_modules\\router\\index.js:186:3)\n    at router (C:\\Users\\Bijesh\\Desktop\\Hisably\\Backend\\node_modules\\router\\index.js:60:12)\n    at Layer.handleRequest (C:\\Users\\Bijesh\\Desktop\\Hisably\\Backend\\node_modules\\router\\lib\\layer.js:152:17)\n    at trimPrefix (C:\\Users\\Bijesh\\Desktop\\Hisably\\Backend\\node_modules\\router\\index.js:342:13)","statusCode":401,"timestamp":"2026-09-02T10:55:28.145Z","url":"/api/v1/payments"}
{"ip":"::1","level":"error","message":"Invalid or expired token","method":"GET","service":"hisably-api","stack":"Error: Invalid or expired token\n    at authenticate (C:\\Users\\Bijesh\\Desktop\\Hisably\\Backend\\src\\middlewares\\auth.middleware.js:19:10)\n    at Layer.handleRequest (C:\\Users\\Bijesh\\Desktop\\Hisably\\Backend\\node_modules\\router\\lib\\layer.js:152:17)\n    at trimPrefix (C:\\Users\\Bijesh\\Desktop\\Hisably\\Backend\\node_modules\\router\\index.js:342:13)\n    at C:\\Users\\Bijesh\\Desktop\\Hisably\\Backend\\node_modules\\router\\index.js:297:9\n    at processParams (C:\\Users\\Bijesh\\Desktop\\Hisably\\Backend\\node_modules\\router\\index.js:582:12)\n    at next (C:\\Users\\Bijesh\\Desktop\\Hisably\\Backend\\node_modules\\router\\index.js:291:5)\n    at Function.handle (C:\\Users\\Bijesh\\Desktop\\Hisably\\Backend\\node_modules\\router\\index.js:186:3)\n    at router (C:\\Users\\Bijesh\\Desktop\\Hisably\\Backend\\node_modules\\router\\index.js:60:12)\n    at Layer.handleRequest (C:\\Users\\Bijesh\\Desktop\\Hisably\\Backend\\node_modules\\router\\lib\\layer.js:152:17)\n    at trimPrefix (C:\\Users\\Bijesh\\Desktop\\Hisably\\Backend\\node_modules\\router\\index.js:342:13)","statusCode":401,"timestamp":"2026-09-02T10:58:07.892Z","url":"/api/v1/products?limit=100"}
{"ip":"::1","level":"error","message":"Invalid or expired token","method":"GET","service":"hisably-api","stack":"Error: Invalid or expired token\n    at authenticate (C:\\Users\\Bijesh\\Desktop\\Hisably\\Backend\\src\\middlewares\\auth.middleware.js:19:10)\n    at Layer.handleRequest (C:\\Users\\Bijesh\\Desktop\\Hisably\\Backend\\node_modules\\router\\lib\\layer.js:152:17)\n    at trimPrefix (C:\\Users\\Bijesh\\Desktop\\Hisably\\Backend\\node_modules\\router\\index.js:342:13)\n    at C:\\Users\\Bijesh\\Desktop\\Hisably\\Backend\\node_modules\\router\\index.js:297:9\n    at processParams (C:\\Users\\Bijesh\\Desktop\\Hisably\\Backend\\node_modules\\router\\index.js:582:12)\n    at next (C:\\Users\\Bijesh\\Desktop\\Hisably\\Backend\\node_modules\\router\\index.js:291:5)\n    at Function.handle (C:\\Users\\Bijesh\\Desktop\\Hisably\\Backend\\node_modules\\router\\index.js:186:3)\n    at router (C:\\Users\\Bijesh\\Desktop\\Hisably\\Backend\\node_modules\\router\\index.js:60:12)\n    at Layer.handleRequest (C:\\Users\\Bijesh\\Desktop\\Hisably\\Backend\\node_modules\\router\\lib\\layer.js:152:17)\n    at trimPrefix (C:\\Users\\Bijesh\\Desktop\\Hisably\\Backend\\node_modules\\router\\index.js:342:13)","statusCode":401,"timestamp":"2026-09-02T10:58:07.902Z","url":"/api/v1/products?limit=100"}
{"ip":"::1","level":"error","message":"Invalid or expired token","method":"POST","service":"hisably-api","stack":"Error: Invalid or expired token\n    at authenticate (C:\\Users\\Bijesh\\Desktop\\Hisably\\Backend\\src\\middlewares\\auth.middleware.js:19:10)\n    at Layer.handleRequest (C:\\Users\\Bijesh\\Desktop\\Hisably\\Backend\\node_modules\\router\\lib\\layer.js:152:17)\n    at trimPrefix (C:\\Users\\Bijesh\\Desktop\\Hisably\\Backend\\node_modules\\router\\index.js:342:13)\n    at C:\\Users\\Bijesh\\Desktop\\Hisably\\Backend\\node_modules\\router\\index.js:297:9\n    at processParams (C:\\Users\\Bijesh\\Desktop\\Hisably\\Backend\\node_modules\\router\\index.js:582:12)\n    at next (C:\\Users\\Bijesh\\Desktop\\Hisably\\Backend\\node_modules\\router\\index.js:291:5)\n    at Function.handle (C:\\Users\\Bijesh\\Desktop\\Hisably\\Backend\\node_modules\\router\\index.js:186:3)\n    at router (C:\\Users\\Bijesh\\Desktop\\Hisably\\Backend\\node_modules\\router\\index.js:60:12)\n    at Layer.handleRequest (C:\\Users\\Bijesh\\Desktop\\Hisably\\Backend\\node_modules\\router\\lib\\layer.js:152:17)\n    at trimPrefix (C:\\Users\\Bijesh\\Desktop\\Hisably\\Backend\\node_modules\\router\\index.js:342:13)","statusCode":401,"timestamp":"2026-09-02T10:59:09.386Z","url":"/api/v1/sales"}
{"ip":"::1","level":"error","message":"Invalid or expired token","method":"GET","service":"hisably-api","stack":"Error: Invalid or expired token\n    at authenticate (C:\\Users\\Bijesh\\Desktop\\Hisably\\Backend\\src\\middlewares\\auth.middleware.js:19:10)\n    at Layer.handleRequest (C:\\Users\\Bijesh\\Desktop\\Hisably\\Backend\\node_modules\\router\\lib\\layer.js:152:17)\n    at trimPrefix (C:\\Users\\Bijesh\\Desktop\\Hisably\\Backend\\node_modules\\router\\index.js:342:13)\n    at C:\\Users\\Bijesh\\Desktop\\Hisably\\Backend\\node_modules\\router\\index.js:297:9\n    at processParams (C:\\Users\\Bijesh\\Desktop\\Hisably\\Backend\\node_modules\\router\\index.js:582:12)\n    at next (C:\\Users\\Bijesh\\Desktop\\Hisably\\Backend\\node_modules\\router\\index.js:291:5)\n    at Function.handle (C:\\Users\\Bijesh\\Desktop\\Hisably\\Backend\\node_modules\\router\\index.js:186:3)\n    at router (C:\\Users\\Bijesh\\Desktop\\Hisably\\Backend\\node_modules\\router\\index.js:60:12)\n    at Layer.handleRequest (C:\\Users\\Bijesh\\Desktop\\Hisably\\Backend\\node_modules\\router\\lib\\layer.js:152:17)\n    at trimPrefix (C:\\Users\\Bijesh\\Desktop\\Hisably\\Backend\\node_modules\\router\\index.js:342:13)","statusCode":401,"timestamp":"2026-09-02T12:10:58.492Z","url":"/api/v1/suppliers"}
{"ip":"::1","level":"error","message":"Invalid or expired token","method":"GET","service":"hisably-api","stack":"Error: Invalid or expired token\n    at authenticate (C:\\Users\\Bijesh\\Desktop\\Hisably\\Backend\\src\\middlewares\\auth.middleware.js:19:10)\n    at Layer.handleRequest (C:\\Users\\Bijesh\\Desktop\\Hisably\\Backend\\node_modules\\router\\lib\\layer.js:152:17)\n    at trimPrefix (C:\\Users\\Bijesh\\Desktop\\Hisably\\Backend\\node_modules\\router\\index.js:342:13)\n    at C:\\Users\\Bijesh\\Desktop\\Hisably\\Backend\\node_modules\\router\\index.js:297:9\n    at processParams (C:\\Users\\Bijesh\\Desktop\\Hisably\\Backend\\node_modules\\router\\index.js:582:12)\n    at next (C:\\Users\\Bijesh\\Desktop\\Hisably\\Backend\\node_modules\\router\\index.js:291:5)\n    at Function.handle (C:\\Users\\Bijesh\\Desktop\\Hisably\\Backend\\node_modules\\router\\index.js:186:3)\n    at router (C:\\Users\\Bijesh\\Desktop\\Hisably\\Backend\\node_modules\\router\\index.js:60:12)\n    at Layer.handleRequest (C:\\Users\\Bijesh\\Desktop\\Hisably\\Backend\\node_modules\\router\\lib\\layer.js:152:17)\n    at trimPrefix (C:\\Users\\Bijesh\\Desktop\\Hisably\\Backend\\node_modules\\router\\index.js:342:13)","statusCode":401,"timestamp":"2026-09-02T12:11:01.483Z","url":"/api/v1/products"}
{"ip":"::1","level":"error","message":"Invalid or expired token","method":"GET","service":"hisably-api","stack":"Error: Invalid or expired token\n    at authenticate (C:\\Users\\Bijesh\\Desktop\\Hisably\\Backend\\src\\middlewares\\auth.middleware.js:19:10)\n    at Layer.handleRequest (C:\\Users\\Bijesh\\Desktop\\Hisably\\Backend\\node_modules\\router\\lib\\layer.js:152:17)\n    at trimPrefix (C:\\Users\\Bijesh\\Desktop\\Hisably\\Backend\\node_modules\\router\\index.js:342:13)\n    at C:\\Users\\Bijesh\\Desktop\\Hisably\\Backend\\node_modules\\router\\index.js:297:9\n    at processParams (C:\\Users\\Bijesh\\Desktop\\Hisably\\Backend\\node_modules\\router\\index.js:582:12)\n    at next (C:\\Users\\Bijesh\\Desktop\\Hisably\\Backend\\node_modules\\router\\index.js:291:5)\n    at Function.handle (C:\\Users\\Bijesh\\Desktop\\Hisably\\Backend\\node_modules\\router\\index.js:186:3)\n    at router (C:\\Users\\Bijesh\\Desktop\\Hisably\\Backend\\node_modules\\router\\index.js:60:12)\n    at Layer.handleRequest (C:\\Users\\Bijesh\\Desktop\\Hisably\\Backend\\node_modules\\router\\lib\\layer.js:152:17)\n    at trimPrefix (C:\\Users\\Bijesh\\Desktop\\Hisably\\Backend\\node_modules\\router\\index.js:342:13)","statusCode":401,"timestamp":"2026-09-02T12:11:09.430Z","url":"/api/v1/inventory"}
{"level":"info","message":"Hisably API is running on port 3000 in development mode","service":"hisably-api","timestamp":"2026-09-02T12:11:41.338Z"}
{"level":"info","message":"✅ Database connected successfully","service":"hisably-api","timestamp":"2026-09-02T12:11:41.341Z"}
{"level":"info","message":"Server is running on : http://localhost:3000","service":"hisably-api","timestamp":"2026-09-02T12:11:41.341Z"}
{"level":"info","message":"Swagger documentation available at: http://localhost:3000/api-docs","service":"hisably-api","timestamp":"2026-09-02T12:11:41.342Z"}
{"ip":"::1","level":"error","message":"Invalid or expired token","method":"GET","service":"hisably-api","stack":"Error: Invalid or expired token\n    at authenticate (C:\\Users\\Bijesh\\Desktop\\Hisably\\Backend\\src\\middlewares\\auth.middleware.js:19:10)\n    at Layer.handleRequest (C:\\Users\\Bijesh\\Desktop\\Hisably\\Backend\\node_modules\\router\\lib\\layer.js:152:17)\n    at trimPrefix (C:\\Users\\Bijesh\\Desktop\\Hisably\\Backend\\node_modules\\router\\index.js:342:13)\n    at C:\\Users\\Bijesh\\Desktop\\Hisably\\Backend\\node_modules\\router\\index.js:297:9\n    at processParams (C:\\Users\\Bijesh\\Desktop\\Hisably\\Backend\\node_modules\\router\\index.js:582:12)\n    at next (C:\\Users\\Bijesh\\Desktop\\Hisably\\Backend\\node_modules\\router\\index.js:291:5)\n    at Function.handle (C:\\Users\\Bijesh\\Desktop\\Hisably\\Backend\\node_modules\\router\\index.js:186:3)\n    at router (C:\\Users\\Bijesh\\Desktop\\Hisably\\Backend\\node_modules\\router\\index.js:60:12)\n    at Layer.handleRequest (C:\\Users\\Bijesh\\Desktop\\Hisably\\Backend\\node_modules\\router\\lib\\layer.js:152:17)\n    at trimPrefix (C:\\Users\\Bijesh\\Desktop\\Hisably\\Backend\\node_modules\\router\\index.js:342:13)","statusCode":401,"timestamp":"2026-09-02T12:11:49.532Z","url":"/api/v1/inventory"}
{"ip":"::1","level":"error","message":"Invalid or expired token","method":"GET","service":"hisably-api","stack":"Error: Invalid or expired token\n    at authenticate (C:\\Users\\Bijesh\\Desktop\\Hisably\\Backend\\src\\middlewares\\auth.middleware.js:19:10)\n    at Layer.handleRequest (C:\\Users\\Bijesh\\Desktop\\Hisably\\Backend\\node_modules\\router\\lib\\layer.js:152:17)\n    at trimPrefix (C:\\Users\\Bijesh\\Desktop\\Hisably\\Backend\\node_modules\\router\\index.js:342:13)\n    at C:\\Users\\Bijesh\\Desktop\\Hisably\\Backend\\node_modules\\router\\index.js:297:9\n    at processParams (C:\\Users\\Bijesh\\Desktop\\Hisably\\Backend\\node_modules\\router\\index.js:582:12)\n    at next (C:\\Users\\Bijesh\\Desktop\\Hisably\\Backend\\node_modules\\router\\index.js:291:5)\n    at Function.handle (C:\\Users\\Bijesh\\Desktop\\Hisably\\Backend\\node_modules\\router\\index.js:186:3)\n    at router (C:\\Users\\Bijesh\\Desktop\\Hisably\\Backend\\node_modules\\router\\index.js:60:12)\n    at Layer.handleRequest (C:\\Users\\Bijesh\\Desktop\\Hisably\\Backend\\node_modules\\router\\lib\\layer.js:152:17)\n    at trimPrefix (C:\\Users\\Bijesh\\Desktop\\Hisably\\Backend\\node_modules\\router\\index.js:342:13)","statusCode":401,"timestamp":"2026-09-02T12:11:59.104Z","url":"/api/v1/inventory"}
{"ip":"::1","level":"error","message":"Invalid or expired token","method":"GET","service":"hisably-api","stack":"Error: Invalid or expired token\n    at authenticate (C:\\Users\\Bijesh\\Desktop\\Hisably\\Backend\\src\\middlewares\\auth.middleware.js:19:10)\n    at Layer.handleRequest (C:\\Users\\Bijesh\\Desktop\\Hisably\\Backend\\node_modules\\router\\lib\\layer.js:152:17)\n    at trimPrefix (C:\\Users\\Bijesh\\Desktop\\Hisably\\Backend\\node_modules\\router\\index.js:342:13)\n    at C:\\Users\\Bijesh\\Desktop\\Hisably\\Backend\\node_modules\\router\\index.js:297:9\n    at processParams (C:\\Users\\Bijesh\\Desktop\\Hisably\\Backend\\node_modules\\router\\index.js:582:12)\n    at next (C:\\Users\\Bijesh\\Desktop\\Hisably\\Backend\\node_modules\\router\\index.js:291:5)\n    at Function.handle (C:\\Users\\Bijesh\\Desktop\\Hisably\\Backend\\node_modules\\router\\index.js:186:3)\n    at router (C:\\Users\\Bijesh\\Desktop\\Hisably\\Backend\\node_modules\\router\\index.js:60:12)\n    at Layer.handleRequest (C:\\Users\\Bijesh\\Desktop\\Hisably\\Backend\\node_modules\\router\\lib\\layer.js:152:17)\n    at trimPrefix (C:\\Users\\Bijesh\\Desktop\\Hisably\\Backend\\node_modules\\router\\index.js:342:13)","statusCode":401,"timestamp":"2026-09-02T12:12:11.264Z","url":"/api/v1/stock-transfers"}
{"ip":"::1","level":"error","message":"Invalid or expired token","method":"GET","service":"hisably-api","stack":"Error: Invalid or expired token\n    at authenticate (C:\\Users\\Bijesh\\Desktop\\Hisably\\Backend\\src\\middlewares\\auth.middleware.js:19:10)\n    at Layer.handleRequest (C:\\Users\\Bijesh\\Desktop\\Hisably\\Backend\\node_modules\\router\\lib\\layer.js:152:17)\n    at trimPrefix (C:\\Users\\Bijesh\\Desktop\\Hisably\\Backend\\node_modules\\router\\index.js:342:13)\n    at C:\\Users\\Bijesh\\Desktop\\Hisably\\Backend\\node_modules\\router\\index.js:297:9\n    at processParams (C:\\Users\\Bijesh\\Desktop\\Hisably\\Backend\\node_modules\\router\\index.js:582:12)\n    at next (C:\\Users\\Bijesh\\Desktop\\Hisably\\Backend\\node_modules\\router\\index.js:291:5)\n    at Function.handle (C:\\Users\\Bijesh\\Desktop\\Hisably\\Backend\\node_modules\\router\\index.js:186:3)\n    at router (C:\\Users\\Bijesh\\Desktop\\Hisably\\Backend\\node_modules\\router\\index.js:60:12)\n    at Layer.handleRequest (C:\\Users\\Bijesh\\Desktop\\Hisably\\Backend\\node_modules\\router\\lib\\layer.js:152:17)\n    at trimPrefix (C:\\Users\\Bijesh\\Desktop\\Hisably\\Backend\\node_modules\\router\\index.js:342:13)","statusCode":401,"timestamp":"2026-09-02T12:12:17.168Z","url":"/api/v1/warehouses"}
{"ip":"::1","level":"error","message":"Invalid or expired token","method":"GET","service":"hisably-api","stack":"Error: Invalid or expired token\n    at authenticate (C:\\Users\\Bijesh\\Desktop\\Hisably\\Backend\\src\\middlewares\\auth.middleware.js:19:10)\n    at Layer.handleRequest (C:\\Users\\Bijesh\\Desktop\\Hisably\\Backend\\node_modules\\router\\lib\\layer.js:152:17)\n    at trimPrefix (C:\\Users\\Bijesh\\Desktop\\Hisably\\Backend\\node_modules\\router\\index.js:342:13)\n    at C:\\Users\\Bijesh\\Desktop\\Hisably\\Backend\\node_modules\\router\\index.js:297:9\n    at processParams (C:\\Users\\Bijesh\\Desktop\\Hisably\\Backend\\node_modules\\router\\index.js:582:12)\n    at next (C:\\Users\\Bijesh\\Desktop\\Hisably\\Backend\\node_modules\\router\\index.js:291:5)\n    at Function.handle (C:\\Users\\Bijesh\\Desktop\\Hisably\\Backend\\node_modules\\router\\index.js:186:3)\n    at router (C:\\Users\\Bijesh\\Desktop\\Hisably\\Backend\\node_modules\\router\\index.js:60:12)\n    at Layer.handleRequest (C:\\Users\\Bijesh\\Desktop\\Hisably\\Backend\\node_modules\\router\\lib\\layer.js:152:17)\n    at trimPrefix (C:\\Users\\Bijesh\\Desktop\\Hisably\\Backend\\node_modules\\router\\index.js:342:13)","statusCode":401,"timestamp":"2026-09-02T12:12:23.137Z","url":"/api/v1/sales"}
{"level":"info","message":"Hisably API is running on port 3000 in development mode","service":"hisably-api","timestamp":"2026-09-02T12:18:53.992Z"}
{"level":"info","message":"✅ Database connected successfully","service":"hisably-api","timestamp":"2026-09-02T12:18:53.996Z"}
{"level":"info","message":"Server is running on : http://localhost:3000","service":"hisably-api","timestamp":"2026-09-02T12:18:53.996Z"}
{"level":"info","message":"Swagger documentation available at: http://localhost:3000/api-docs","service":"hisably-api","timestamp":"2026-09-02T12:18:53.997Z"}
{"level":"info","message":"Hisably API is running on port 3000 in development mode","service":"hisably-api","timestamp":"2026-09-02T12:20:10.711Z"}
{"level":"info","message":"✅ Database connected successfully","service":"hisably-api","timestamp":"2026-09-02T12:20:10.714Z"}
{"level":"info","message":"Server is running on : http://localhost:3000","service":"hisably-api","timestamp":"2026-09-02T12:20:10.714Z"}
{"level":"info","message":"Swagger documentation available at: http://localhost:3000/api-docs","service":"hisably-api","timestamp":"2026-09-02T12:20:10.715Z"}
{"level":"info","message":"Hisably API is running on port 3000 in development mode","service":"hisably-api","timestamp":"2026-09-02T12:21:04.015Z"}
{"level":"info","message":"✅ Database connected successfully","service":"hisably-api","timestamp":"2026-09-02T12:21:04.018Z"}
{"level":"info","message":"Server is running on : http://localhost:3000","service":"hisably-api","timestamp":"2026-09-02T12:21:04.018Z"}
{"level":"info","message":"Swagger documentation available at: http://localhost:3000/api-docs","service":"hisably-api","timestamp":"2026-09-02T12:21:04.019Z"}
{"level":"info","message":"Hisably API is running on port 3000 in development mode","service":"hisably-api","timestamp":"2026-09-02T12:21:56.563Z"}
{"level":"info","message":"✅ Database connected successfully","service":"hisably-api","timestamp":"2026-09-02T12:21:56.566Z"}
{"level":"info","message":"Server is running on : http://localhost:3000","service":"hisably-api","timestamp":"2026-09-02T12:21:56.566Z"}
{"level":"info","message":"Swagger documentation available at: http://localhost:3000/api-docs","service":"hisably-api","timestamp":"2026-09-02T12:21:56.567Z"}
{"ip":"::1","level":"error","message":"Invalid or expired token","method":"GET","service":"hisably-api","stack":"Error: Invalid or expired token\n    at authenticate (C:\\Users\\Bijesh\\Desktop\\Hisably\\Backend\\src\\middlewares\\auth.middleware.js:19:10)\n    at Layer.handleRequest (C:\\Users\\Bijesh\\Desktop\\Hisably\\Backend\\node_modules\\router\\lib\\layer.js:152:17)\n    at trimPrefix (C:\\Users\\Bijesh\\Desktop\\Hisably\\Backend\\node_modules\\router\\index.js:342:13)\n    at C:\\Users\\Bijesh\\Desktop\\Hisably\\Backend\\node_modules\\router\\index.js:297:9\n    at processParams (C:\\Users\\Bijesh\\Desktop\\Hisably\\Backend\\node_modules\\router\\index.js:582:12)\n    at next (C:\\Users\\Bijesh\\Desktop\\Hisably\\Backend\\node_modules\\router\\index.js:291:5)\n    at Function.handle (C:\\Users\\Bijesh\\Desktop\\Hisably\\Backend\\node_modules\\router\\index.js:186:3)\n    at router (C:\\Users\\Bijesh\\Desktop\\Hisably\\Backend\\node_modules\\router\\index.js:60:12)\n    at Layer.handleRequest (C:\\Users\\Bijesh\\Desktop\\Hisably\\Backend\\node_modules\\router\\lib\\layer.js:152:17)\n    at trimPrefix (C:\\Users\\Bijesh\\Desktop\\Hisably\\Backend\\node_modules\\router\\index.js:342:13)","statusCode":401,"timestamp":"2026-09-02T12:22:46.083Z","url":"/api/v1/sales"}
{"level":"info","message":"Hisably API is running on port 3000 in development mode","service":"hisably-api","timestamp":"2026-09-02T12:26:35.240Z"}
{"level":"info","message":"✅ Database connected successfully","service":"hisably-api","timestamp":"2026-09-02T12:26:35.244Z"}
{"level":"info","message":"Server is running on : http://localhost:3000","service":"hisably-api","timestamp":"2026-09-02T12:26:35.244Z"}
{"level":"info","message":"Swagger documentation available at: http://localhost:3000/api-docs","service":"hisably-api","timestamp":"2026-09-02T12:26:35.244Z"}
{"level":"info","message":"Hisably API is running on port 3000 in development mode","service":"hisably-api","timestamp":"2026-09-02T12:26:40.056Z"}
{"level":"info","message":"✅ Database connected successfully","service":"hisably-api","timestamp":"2026-09-02T12:26:40.060Z"}
{"level":"info","message":"Server is running on : http://localhost:3000","service":"hisably-api","timestamp":"2026-09-02T12:26:40.060Z"}
{"level":"info","message":"Swagger documentation available at: http://localhost:3000/api-docs","service":"hisably-api","timestamp":"2026-09-02T12:26:40.061Z"}
{"level":"info","message":"Hisably API is running on port 3000 in development mode","service":"hisably-api","timestamp":"2026-09-02T12:26:45.047Z"}
{"level":"info","message":"✅ Database connected successfully","service":"hisably-api","timestamp":"2026-09-02T12:26:45.052Z"}
{"level":"info","message":"Server is running on : http://localhost:3000","service":"hisably-api","timestamp":"2026-09-02T12:26:45.053Z"}
{"level":"info","message":"Swagger documentation available at: http://localhost:3000/api-docs","service":"hisably-api","timestamp":"2026-09-02T12:26:45.054Z"}
{"level":"info","message":"Hisably API is running on port 3000 in development mode","service":"hisably-api","timestamp":"2026-09-02T12:29:57.379Z"}
{"level":"info","message":"✅ Database connected successfully","service":"hisably-api","timestamp":"2026-09-02T12:29:57.385Z"}
{"level":"info","message":"Server is running on : http://localhost:3000","service":"hisably-api","timestamp":"2026-09-02T12:29:57.386Z"}
{"level":"info","message":"Swagger documentation available at: http://localhost:3000/api-docs","service":"hisably-api","timestamp":"2026-09-02T12:29:57.387Z"}
{"level":"info","message":"Hisably API is running on port 3000 in development mode","service":"hisably-api","timestamp":"2026-09-02T12:30:03.104Z"}
{"level":"info","message":"✅ Database connected successfully","service":"hisably-api","timestamp":"2026-09-02T12:30:03.109Z"}
{"level":"info","message":"Server is running on : http://localhost:3000","service":"hisably-api","timestamp":"2026-09-02T12:30:03.110Z"}
{"level":"info","message":"Swagger documentation available at: http://localhost:3000/api-docs","service":"hisably-api","timestamp":"2026-09-02T12:30:03.111Z"}
{"level":"info","message":"Hisably API is running on port 3000 in development mode","service":"hisably-api","timestamp":"2026-09-02T12:30:11.289Z"}
{"level":"info","message":"✅ Database connected successfully","service":"hisably-api","timestamp":"2026-09-02T12:30:11.297Z"}
{"level":"info","message":"Server is running on : http://localhost:3000","service":"hisably-api","timestamp":"2026-09-02T12:30:11.300Z"}
{"level":"info","message":"Swagger documentation available at: http://localhost:3000/api-docs","service":"hisably-api","timestamp":"2026-09-02T12:30:11.301Z"}
{"level":"info","message":"Hisably API is running on port 3000 in development mode","service":"hisably-api","timestamp":"2026-09-02T12:35:00.693Z"}
{"level":"info","message":"✅ Database connected successfully","service":"hisably-api","timestamp":"2026-09-02T12:35:00.696Z"}
{"level":"info","message":"Server is running on : http://localhost:3000","service":"hisably-api","timestamp":"2026-09-02T12:35:00.697Z"}
{"level":"info","message":"Swagger documentation available at: http://localhost:3000/api-docs","service":"hisably-api","timestamp":"2026-09-02T12:35:00.698Z"}
{"level":"info","message":"Hisably API is running on port 3000 in development mode","service":"hisably-api","timestamp":"2026-09-02T12:35:09.896Z"}
{"level":"info","message":"✅ Database connected successfully","service":"hisably-api","timestamp":"2026-09-02T12:35:09.901Z"}
{"level":"info","message":"Server is running on : http://localhost:3000","service":"hisably-api","timestamp":"2026-09-02T12:35:09.902Z"}
{"level":"info","message":"Swagger documentation available at: http://localhost:3000/api-docs","service":"hisably-api","timestamp":"2026-09-02T12:35:09.902Z"}
{"level":"info","message":"Hisably API is running on port 3000 in development mode","service":"hisably-api","timestamp":"2026-09-02T12:35:18.795Z"}
{"level":"info","message":"✅ Database connected successfully","service":"hisably-api","timestamp":"2026-09-02T12:35:18.798Z"}
{"level":"info","message":"Server is running on : http://localhost:3000","service":"hisably-api","timestamp":"2026-09-02T12:35:18.799Z"}
{"level":"info","message":"Swagger documentation available at: http://localhost:3000/api-docs","service":"hisably-api","timestamp":"2026-09-02T12:35:18.799Z"}
{"level":"info","message":"Hisably API is running on port 3000 in development mode","service":"hisably-api","timestamp":"2026-09-02T12:35:28.311Z"}
{"level":"info","message":"✅ Database connected successfully","service":"hisably-api","timestamp":"2026-09-02T12:35:28.317Z"}
{"level":"info","message":"Server is running on : http://localhost:3000","service":"hisably-api","timestamp":"2026-09-02T12:35:28.317Z"}
{"level":"info","message":"Swagger documentation available at: http://localhost:3000/api-docs","service":"hisably-api","timestamp":"2026-09-02T12:35:28.318Z"}
{"level":"info","message":"Hisably API is running on port 3000 in development mode","service":"hisably-api","timestamp":"2026-09-02T12:38:06.176Z"}
{"level":"info","message":"✅ Database connected successfully","service":"hisably-api","timestamp":"2026-09-02T12:38:06.182Z"}
{"level":"info","message":"Server is running on : http://localhost:3000","service":"hisably-api","timestamp":"2026-09-02T12:38:06.183Z"}
{"level":"info","message":"Swagger documentation available at: http://localhost:3000/api-docs","service":"hisably-api","timestamp":"2026-09-02T12:38:06.184Z"}
{"ip":"::1","level":"error","message":"\nInvalid `prisma.user.findUnique()` invocation in\nC:\\Users\\Bijesh\\Desktop\\Hisably\\Backend\\src\\modules\\auth\\auth.service.js:150:34\n\n  147 const login = async (data) => {\n  148   const { email, password: userPassword } = data;\n  149 \n→ 150   const user = await prisma.user.findUnique(\n","method":"POST","service":"hisably-api","stack":"Error: \nInvalid `prisma.user.findUnique()` invocation in\nC:\\Users\\Bijesh\\Desktop\\Hisably\\Backend\\src\\modules\\auth\\auth.service.js:150:34\n\n  147 const login = async (data) => {\n  148   const { email, password: userPassword } = data;\n  149 \n→ 150   const user = await prisma.user.findUnique(\n\n    at errorHandler (C:\\Users\\Bijesh\\Desktop\\Hisably\\Backend\\src\\middlewares\\error.middleware.js:11:13)\n    at Layer.handleError (C:\\Users\\Bijesh\\Desktop\\Hisably\\Backend\\node_modules\\router\\lib\\layer.js:116:17)\n    at trimPrefix (C:\\Users\\Bijesh\\Desktop\\Hisably\\Backend\\node_modules\\router\\index.js:340:13)\n    at C:\\Users\\Bijesh\\Desktop\\Hisably\\Backend\\node_modules\\router\\index.js:297:9\n    at processParams (C:\\Users\\Bijesh\\Desktop\\Hisably\\Backend\\node_modules\\router\\index.js:582:12)\n    at next (C:\\Users\\Bijesh\\Desktop\\Hisably\\Backend\\node_modules\\router\\index.js:291:5)\n    at Layer.handleError (C:\\Users\\Bijesh\\Desktop\\Hisably\\Backend\\node_modules\\router\\lib\\layer.js:111:12)\n    at trimPrefix (C:\\Users\\Bijesh\\Desktop\\Hisably\\Backend\\node_modules\\router\\index.js:340:13)\n    at C:\\Users\\Bijesh\\Desktop\\Hisably\\Backend\\node_modules\\router\\index.js:297:9\n    at processParams (C:\\Users\\Bijesh\\Desktop\\Hisably\\Backend\\node_modules\\router\\index.js:582:12)","statusCode":500,"timestamp":"2026-09-02T12:40:13.082Z","url":"/api/v1/auth/login"}
{"ip":"::1","level":"error","message":"\nInvalid `prisma.user.findUnique()` invocation in\nC:\\Users\\Bijesh\\Desktop\\Hisably\\Backend\\src\\modules\\auth\\auth.service.js:150:34\n\n  147 const login = async (data) => {\n  148   const { email, password: userPassword } = data;\n  149 \n→ 150   const user = await prisma.user.findUnique(\n","method":"POST","service":"hisably-api","stack":"Error: \nInvalid `prisma.user.findUnique()` invocation in\nC:\\Users\\Bijesh\\Desktop\\Hisably\\Backend\\src\\modules\\auth\\auth.service.js:150:34\n\n  147 const login = async (data) => {\n  148   const { email, password: userPassword } = data;\n  149 \n→ 150   const user = await prisma.user.findUnique(\n\n    at errorHandler (C:\\Users\\Bijesh\\Desktop\\Hisably\\Backend\\src\\middlewares\\error.middleware.js:11:13)\n    at Layer.handleError (C:\\Users\\Bijesh\\Desktop\\Hisably\\Backend\\node_modules\\router\\lib\\layer.js:116:17)\n    at trimPrefix (C:\\Users\\Bijesh\\Desktop\\Hisably\\Backend\\node_modules\\router\\index.js:340:13)\n    at C:\\Users\\Bijesh\\Desktop\\Hisably\\Backend\\node_modules\\router\\index.js:297:9\n    at processParams (C:\\Users\\Bijesh\\Desktop\\Hisably\\Backend\\node_modules\\router\\index.js:582:12)\n    at next (C:\\Users\\Bijesh\\Desktop\\Hisably\\Backend\\node_modules\\router\\index.js:291:5)\n    at Layer.handleError (C:\\Users\\Bijesh\\Desktop\\Hisably\\Backend\\node_modules\\router\\lib\\layer.js:111:12)\n    at trimPrefix (C:\\Users\\Bijesh\\Desktop\\Hisably\\Backend\\node_modules\\router\\index.js:340:13)\n    at C:\\Users\\Bijesh\\Desktop\\Hisably\\Backend\\node_modules\\router\\index.js:297:9\n    at processParams (C:\\Users\\Bijesh\\Desktop\\Hisably\\Backend\\node_modules\\router\\index.js:582:12)","statusCode":500,"timestamp":"2026-09-02T12:40:19.823Z","url":"/api/v1/auth/login"}
{"ip":"::1","level":"error","message":"\nInvalid `prisma.user.findUnique()` invocation in\nC:\\Users\\Bijesh\\Desktop\\Hisably\\Backend\\src\\modules\\auth\\auth.service.js:150:34\n\n  147 const login = async (data) => {\n  148   const { email, password: userPassword } = data;\n  149 \n→ 150   const user = await prisma.user.findUnique(\n","method":"POST","service":"hisably-api","stack":"Error: \nInvalid `prisma.user.findUnique()` invocation in\nC:\\Users\\Bijesh\\Desktop\\Hisably\\Backend\\src\\modules\\auth\\auth.service.js:150:34\n\n  147 const login = async (data) => {\n  148   const { email, password: userPassword } = data;\n  149 \n→ 150   const user = await prisma.user.findUnique(\n\n    at errorHandler (C:\\Users\\Bijesh\\Desktop\\Hisably\\Backend\\src\\middlewares\\error.middleware.js:11:13)\n    at Layer.handleError (C:\\Users\\Bijesh\\Desktop\\Hisably\\Backend\\node_modules\\router\\lib\\layer.js:116:17)\n    at trimPrefix (C:\\Users\\Bijesh\\Desktop\\Hisably\\Backend\\node_modules\\router\\index.js:340:13)\n    at C:\\Users\\Bijesh\\Desktop\\Hisably\\Backend\\node_modules\\router\\index.js:297:9\n    at processParams (C:\\Users\\Bijesh\\Desktop\\Hisably\\Backend\\node_modules\\router\\index.js:582:12)\n    at next (C:\\Users\\Bijesh\\Desktop\\Hisably\\Backend\\node_modules\\router\\index.js:291:5)\n    at Layer.handleError (C:\\Users\\Bijesh\\Desktop\\Hisably\\Backend\\node_modules\\router\\lib\\layer.js:111:12)\n    at trimPrefix (C:\\Users\\Bijesh\\Desktop\\Hisably\\Backend\\node_modules\\router\\index.js:340:13)\n    at C:\\Users\\Bijesh\\Desktop\\Hisably\\Backend\\node_modules\\router\\index.js:297:9\n    at processParams (C:\\Users\\Bijesh\\Desktop\\Hisably\\Backend\\node_modules\\router\\index.js:582:12)","statusCode":500,"timestamp":"2026-09-02T12:40:20.678Z","url":"/api/v1/auth/login"}
{"ip":"::1","level":"error","message":"\nInvalid `prisma.user.findUnique()` invocation in\nC:\\Users\\Bijesh\\Desktop\\Hisably\\Backend\\src\\modules\\auth\\auth.service.js:150:34\n\n  147 const login = async (data) => {\n  148   const { email, password: userPassword } = data;\n  149 \n→ 150   const user = await prisma.user.findUnique(\n","method":"POST","service":"hisably-api","stack":"Error: \nInvalid `prisma.user.findUnique()` invocation in\nC:\\Users\\Bijesh\\Desktop\\Hisably\\Backend\\src\\modules\\auth\\auth.service.js:150:34\n\n  147 const login = async (data) => {\n  148   const { email, password: userPassword } = data;\n  149 \n→ 150   const user = await prisma.user.findUnique(\n\n    at errorHandler (C:\\Users\\Bijesh\\Desktop\\Hisably\\Backend\\src\\middlewares\\error.middleware.js:11:13)\n    at Layer.handleError (C:\\Users\\Bijesh\\Desktop\\Hisably\\Backend\\node_modules\\router\\lib\\layer.js:116:17)\n    at trimPrefix (C:\\Users\\Bijesh\\Desktop\\Hisably\\Backend\\node_modules\\router\\index.js:340:13)\n    at C:\\Users\\Bijesh\\Desktop\\Hisably\\Backend\\node_modules\\router\\index.js:297:9\n    at processParams (C:\\Users\\Bijesh\\Desktop\\Hisably\\Backend\\node_modules\\router\\index.js:582:12)\n    at next (C:\\Users\\Bijesh\\Desktop\\Hisably\\Backend\\node_modules\\router\\index.js:291:5)\n    at Layer.handleError (C:\\Users\\Bijesh\\Desktop\\Hisably\\Backend\\node_modules\\router\\lib\\layer.js:111:12)\n    at trimPrefix (C:\\Users\\Bijesh\\Desktop\\Hisably\\Backend\\node_modules\\router\\index.js:340:13)\n    at C:\\Users\\Bijesh\\Desktop\\Hisably\\Backend\\node_modules\\router\\index.js:297:9\n    at processParams (C:\\Users\\Bijesh\\Desktop\\Hisably\\Backend\\node_modules\\router\\index.js:582:12)","statusCode":500,"timestamp":"2026-09-02T12:40:20.900Z","url":"/api/v1/auth/login"}
{"ip":"::1","level":"error","message":"\nInvalid `prisma.user.findUnique()` invocation in\nC:\\Users\\Bijesh\\Desktop\\Hisably\\Backend\\src\\modules\\auth\\auth.service.js:150:34\n\n  147 const login = async (data) => {\n  148   const { email, password: userPassword } = data;\n  149 \n→ 150   const user = await prisma.user.findUnique(\n","method":"POST","service":"hisably-api","stack":"Error: \nInvalid `prisma.user.findUnique()` invocation in\nC:\\Users\\Bijesh\\Desktop\\Hisably\\Backend\\src\\modules\\auth\\auth.service.js:150:34\n\n  147 const login = async (data) => {\n  148   const { email, password: userPassword } = data;\n  149 \n→ 150   const user = await prisma.user.findUnique(\n\n    at errorHandler (C:\\Users\\Bijesh\\Desktop\\Hisably\\Backend\\src\\middlewares\\error.middleware.js:11:13)\n    at Layer.handleError (C:\\Users\\Bijesh\\Desktop\\Hisably\\Backend\\node_modules\\router\\lib\\layer.js:116:17)\n    at trimPrefix (C:\\Users\\Bijesh\\Desktop\\Hisably\\Backend\\node_modules\\router\\index.js:340:13)\n    at C:\\Users\\Bijesh\\Desktop\\Hisably\\Backend\\node_modules\\router\\index.js:297:9\n    at processParams (C:\\Users\\Bijesh\\Desktop\\Hisably\\Backend\\node_modules\\router\\index.js:582:12)\n    at next (C:\\Users\\Bijesh\\Desktop\\Hisably\\Backend\\node_modules\\router\\index.js:291:5)\n    at Layer.handleError (C:\\Users\\Bijesh\\Desktop\\Hisably\\Backend\\node_modules\\router\\lib\\layer.js:111:12)\n    at trimPrefix (C:\\Users\\Bijesh\\Desktop\\Hisably\\Backend\\node_modules\\router\\index.js:340:13)\n    at C:\\Users\\Bijesh\\Desktop\\Hisably\\Backend\\node_modules\\router\\index.js:297:9\n    at processParams (C:\\Users\\Bijesh\\Desktop\\Hisably\\Backend\\node_modules\\router\\index.js:582:12)","statusCode":500,"timestamp":"2026-09-02T12:40:33.607Z","url":"/api/v1/auth/login"}
{"ip":"::1","level":"error","message":"Invalid or expired token","method":"GET","service":"hisably-api","stack":"Error: Invalid or expired token\n    at authenticate (C:\\Users\\Bijesh\\Desktop\\Hisably\\Backend\\src\\middlewares\\auth.middleware.js:19:10)\n    at Layer.handleRequest (C:\\Users\\Bijesh\\Desktop\\Hisably\\Backend\\node_modules\\router\\lib\\layer.js:152:17)\n    at trimPrefix (C:\\Users\\Bijesh\\Desktop\\Hisably\\Backend\\node_modules\\router\\index.js:342:13)\n    at C:\\Users\\Bijesh\\Desktop\\Hisably\\Backend\\node_modules\\router\\index.js:297:9\n    at processParams (C:\\Users\\Bijesh\\Desktop\\Hisably\\Backend\\node_modules\\router\\index.js:582:12)\n    at next (C:\\Users\\Bijesh\\Desktop\\Hisably\\Backend\\node_modules\\router\\index.js:291:5)\n    at Function.handle (C:\\Users\\Bijesh\\Desktop\\Hisably\\Backend\\node_modules\\router\\index.js:186:3)\n    at router (C:\\Users\\Bijesh\\Desktop\\Hisably\\Backend\\node_modules\\router\\index.js:60:12)\n    at Layer.handleRequest (C:\\Users\\Bijesh\\Desktop\\Hisably\\Backend\\node_modules\\router\\lib\\layer.js:152:17)\n    at trimPrefix (C:\\Users\\Bijesh\\Desktop\\Hisably\\Backend\\node_modules\\router\\index.js:342:13)","statusCode":401,"timestamp":"2026-09-02T12:41:52.133Z","url":"/api/v1/organizations/platform-overview"}
{"ip":"::1","level":"error","message":"Invalid or expired token","method":"GET","service":"hisably-api","stack":"Error: Invalid or expired token\n    at authenticate (C:\\Users\\Bijesh\\Desktop\\Hisably\\Backend\\src\\middlewares\\auth.middleware.js:19:10)\n    at Layer.handleRequest (C:\\Users\\Bijesh\\Desktop\\Hisably\\Backend\\node_modules\\router\\lib\\layer.js:152:17)\n    at trimPrefix (C:\\Users\\Bijesh\\Desktop\\Hisably\\Backend\\node_modules\\router\\index.js:342:13)\n    at C:\\Users\\Bijesh\\Desktop\\Hisably\\Backend\\node_modules\\router\\index.js:297:9\n    at processParams (C:\\Users\\Bijesh\\Desktop\\Hisably\\Backend\\node_modules\\router\\index.js:582:12)\n    at next (C:\\Users\\Bijesh\\Desktop\\Hisably\\Backend\\node_modules\\router\\index.js:291:5)\n    at Function.handle (C:\\Users\\Bijesh\\Desktop\\Hisably\\Backend\\node_modules\\router\\index.js:186:3)\n    at router (C:\\Users\\Bijesh\\Desktop\\Hisably\\Backend\\node_modules\\router\\index.js:60:12)\n    at Layer.handleRequest (C:\\Users\\Bijesh\\Desktop\\Hisably\\Backend\\node_modules\\router\\lib\\layer.js:152:17)\n    at trimPrefix (C:\\Users\\Bijesh\\Desktop\\Hisably\\Backend\\node_modules\\router\\index.js:342:13)","statusCode":401,"timestamp":"2026-09-02T12:41:52.146Z","url":"/api/v1/organizations/platform-overview"}
{"ip":"::1","level":"error","message":"Invalid or expired token","method":"GET","service":"hisably-api","stack":"Error: Invalid or expired token\n    at authenticate (C:\\Users\\Bijesh\\Desktop\\Hisably\\Backend\\src\\middlewares\\auth.middleware.js:19:10)\n    at Layer.handleRequest (C:\\Users\\Bijesh\\Desktop\\Hisably\\Backend\\node_modules\\router\\lib\\layer.js:152:17)\n    at trimPrefix (C:\\Users\\Bijesh\\Desktop\\Hisably\\Backend\\node_modules\\router\\index.js:342:13)\n    at C:\\Users\\Bijesh\\Desktop\\Hisably\\Backend\\node_modules\\router\\index.js:297:9\n    at processParams (C:\\Users\\Bijesh\\Desktop\\Hisably\\Backend\\node_modules\\router\\index.js:582:12)\n    at next (C:\\Users\\Bijesh\\Desktop\\Hisably\\Backend\\node_modules\\router\\index.js:291:5)\n    at Function.handle (C:\\Users\\Bijesh\\Desktop\\Hisably\\Backend\\node_modules\\router\\index.js:186:3)\n    at router (C:\\Users\\Bijesh\\Desktop\\Hisably\\Backend\\node_modules\\router\\index.js:60:12)\n    at Layer.handleRequest (C:\\Users\\Bijesh\\Desktop\\Hisably\\Backend\\node_modules\\router\\lib\\layer.js:152:17)\n    at trimPrefix (C:\\Users\\Bijesh\\Desktop\\Hisably\\Backend\\node_modules\\router\\index.js:342:13)","statusCode":401,"timestamp":"2026-09-02T12:42:10.097Z","url":"/api/v1/organizations/platform-overview"}
{"ip":"::1","level":"error","message":"Invalid or expired token","method":"GET","service":"hisably-api","stack":"Error: Invalid or expired token\n    at authenticate (C:\\Users\\Bijesh\\Desktop\\Hisably\\Backend\\src\\middlewares\\auth.middleware.js:19:10)\n    at Layer.handleRequest (C:\\Users\\Bijesh\\Desktop\\Hisably\\Backend\\node_modules\\router\\lib\\layer.js:152:17)\n    at trimPrefix (C:\\Users\\Bijesh\\Desktop\\Hisably\\Backend\\node_modules\\router\\index.js:342:13)\n    at C:\\Users\\Bijesh\\Desktop\\Hisably\\Backend\\node_modules\\router\\index.js:297:9\n    at processParams (C:\\Users\\Bijesh\\Desktop\\Hisably\\Backend\\node_modules\\router\\index.js:582:12)\n    at next (C:\\Users\\Bijesh\\Desktop\\Hisably\\Backend\\node_modules\\router\\index.js:291:5)\n    at Function.handle (C:\\Users\\Bijesh\\Desktop\\Hisably\\Backend\\node_modules\\router\\index.js:186:3)\n    at router (C:\\Users\\Bijesh\\Desktop\\Hisably\\Backend\\node_modules\\router\\index.js:60:12)\n    at Layer.handleRequest (C:\\Users\\Bijesh\\Desktop\\Hisably\\Backend\\node_modules\\router\\lib\\layer.js:152:17)\n    at trimPrefix (C:\\Users\\Bijesh\\Desktop\\Hisably\\Backend\\node_modules\\router\\index.js:342:13)","statusCode":401,"timestamp":"2026-09-02T12:42:10.115Z","url":"/api/v1/organizations/platform-overview"}
{"ip":"::1","level":"error","message":"Invalid or expired token","method":"GET","service":"hisably-api","stack":"Error: Invalid or expired token\n    at authenticate (C:\\Users\\Bijesh\\Desktop\\Hisably\\Backend\\src\\middlewares\\auth.middleware.js:19:10)\n    at Layer.handleRequest (C:\\Users\\Bijesh\\Desktop\\Hisably\\Backend\\node_modules\\router\\lib\\layer.js:152:17)\n    at trimPrefix (C:\\Users\\Bijesh\\Desktop\\Hisably\\Backend\\node_modules\\router\\index.js:342:13)\n    at C:\\Users\\Bijesh\\Desktop\\Hisably\\Backend\\node_modules\\router\\index.js:297:9\n    at processParams (C:\\Users\\Bijesh\\Desktop\\Hisably\\Backend\\node_modules\\router\\index.js:582:12)\n    at next (C:\\Users\\Bijesh\\Desktop\\Hisably\\Backend\\node_modules\\router\\index.js:291:5)\n    at Function.handle (C:\\Users\\Bijesh\\Desktop\\Hisably\\Backend\\node_modules\\router\\index.js:186:3)\n    at router (C:\\Users\\Bijesh\\Desktop\\Hisably\\Backend\\node_modules\\router\\index.js:60:12)\n    at Layer.handleRequest (C:\\Users\\Bijesh\\Desktop\\Hisably\\Backend\\node_modules\\router\\lib\\layer.js:152:17)\n    at trimPrefix (C:\\Users\\Bijesh\\Desktop\\Hisably\\Backend\\node_modules\\router\\index.js:342:13)","statusCode":401,"timestamp":"2026-09-02T12:42:14.250Z","url":"/api/v1/organizations/platform-overview"}
{"ip":"::1","level":"error","message":"Invalid or expired token","method":"GET","service":"hisably-api","stack":"Error: Invalid or expired token\n    at authenticate (C:\\Users\\Bijesh\\Desktop\\Hisably\\Backend\\src\\middlewares\\auth.middleware.js:19:10)\n    at Layer.handleRequest (C:\\Users\\Bijesh\\Desktop\\Hisably\\Backend\\node_modules\\router\\lib\\layer.js:152:17)\n    at trimPrefix (C:\\Users\\Bijesh\\Desktop\\Hisably\\Backend\\node_modules\\router\\index.js:342:13)\n    at C:\\Users\\Bijesh\\Desktop\\Hisably\\Backend\\node_modules\\router\\index.js:297:9\n    at processParams (C:\\Users\\Bijesh\\Desktop\\Hisably\\Backend\\node_modules\\router\\index.js:582:12)\n    at next (C:\\Users\\Bijesh\\Desktop\\Hisably\\Backend\\node_modules\\router\\index.js:291:5)\n    at Function.handle (C:\\Users\\Bijesh\\Desktop\\Hisably\\Backend\\node_modules\\router\\index.js:186:3)\n    at router (C:\\Users\\Bijesh\\Desktop\\Hisably\\Backend\\node_modules\\router\\index.js:60:12)\n    at Layer.handleRequest (C:\\Users\\Bijesh\\Desktop\\Hisably\\Backend\\node_modules\\router\\lib\\layer.js:152:17)\n    at trimPrefix (C:\\Users\\Bijesh\\Desktop\\Hisably\\Backend\\node_modules\\router\\index.js:342:13)","statusCode":401,"timestamp":"2026-09-02T12:42:14.265Z","url":"/api/v1/organizations/platform-overview"}
{"ip":"::1","level":"error","message":"Invalid or expired token","method":"GET","service":"hisably-api","stack":"Error: Invalid or expired token\n    at authenticate (C:\\Users\\Bijesh\\Desktop\\Hisably\\Backend\\src\\middlewares\\auth.middleware.js:19:10)\n    at Layer.handleRequest (C:\\Users\\Bijesh\\Desktop\\Hisably\\Backend\\node_modules\\router\\lib\\layer.js:152:17)\n    at trimPrefix (C:\\Users\\Bijesh\\Desktop\\Hisably\\Backend\\node_modules\\router\\index.js:342:13)\n    at C:\\Users\\Bijesh\\Desktop\\Hisably\\Backend\\node_modules\\router\\index.js:297:9\n    at processParams (C:\\Users\\Bijesh\\Desktop\\Hisably\\Backend\\node_modules\\router\\index.js:582:12)\n    at next (C:\\Users\\Bijesh\\Desktop\\Hisably\\Backend\\node_modules\\router\\index.js:291:5)\n    at Function.handle (C:\\Users\\Bijesh\\Desktop\\Hisably\\Backend\\node_modules\\router\\index.js:186:3)\n    at router (C:\\Users\\Bijesh\\Desktop\\Hisably\\Backend\\node_modules\\router\\index.js:60:12)\n    at Layer.handleRequest (C:\\Users\\Bijesh\\Desktop\\Hisably\\Backend\\node_modules\\router\\lib\\layer.js:152:17)\n    at trimPrefix (C:\\Users\\Bijesh\\Desktop\\Hisably\\Backend\\node_modules\\router\\index.js:342:13)","statusCode":401,"timestamp":"2026-09-02T12:42:30.936Z","url":"/api/v1/organizations/platform-overview"}
{"ip":"::1","level":"error","message":"Invalid or expired token","method":"GET","service":"hisably-api","stack":"Error: Invalid or expired token\n    at authenticate (C:\\Users\\Bijesh\\Desktop\\Hisably\\Backend\\src\\middlewares\\auth.middleware.js:19:10)\n    at Layer.handleRequest (C:\\Users\\Bijesh\\Desktop\\Hisably\\Backend\\node_modules\\router\\lib\\layer.js:152:17)\n    at trimPrefix (C:\\Users\\Bijesh\\Desktop\\Hisably\\Backend\\node_modules\\router\\index.js:342:13)\n    at C:\\Users\\Bijesh\\Desktop\\Hisably\\Backend\\node_modules\\router\\index.js:297:9\n    at processParams (C:\\Users\\Bijesh\\Desktop\\Hisably\\Backend\\node_modules\\router\\index.js:582:12)\n    at next (C:\\Users\\Bijesh\\Desktop\\Hisably\\Backend\\node_modules\\router\\index.js:291:5)\n    at Function.handle (C:\\Users\\Bijesh\\Desktop\\Hisably\\Backend\\node_modules\\router\\index.js:186:3)\n    at router (C:\\Users\\Bijesh\\Desktop\\Hisably\\Backend\\node_modules\\router\\index.js:60:12)\n    at Layer.handleRequest (C:\\Users\\Bijesh\\Desktop\\Hisably\\Backend\\node_modules\\router\\lib\\layer.js:152:17)\n    at trimPrefix (C:\\Users\\Bijesh\\Desktop\\Hisably\\Backend\\node_modules\\router\\index.js:342:13)","statusCode":401,"timestamp":"2026-09-02T12:42:30.956Z","url":"/api/v1/organizations/platform-overview"}
{"ip":"::1","level":"error","message":"Invalid or expired token","method":"GET","service":"hisably-api","stack":"Error: Invalid or expired token\n    at authenticate (C:\\Users\\Bijesh\\Desktop\\Hisably\\Backend\\src\\middlewares\\auth.middleware.js:19:10)\n    at Layer.handleRequest (C:\\Users\\Bijesh\\Desktop\\Hisably\\Backend\\node_modules\\router\\lib\\layer.js:152:17)\n    at trimPrefix (C:\\Users\\Bijesh\\Desktop\\Hisably\\Backend\\node_modules\\router\\index.js:342:13)\n    at C:\\Users\\Bijesh\\Desktop\\Hisably\\Backend\\node_modules\\router\\index.js:297:9\n    at processParams (C:\\Users\\Bijesh\\Desktop\\Hisably\\Backend\\node_modules\\router\\index.js:582:12)\n    at next (C:\\Users\\Bijesh\\Desktop\\Hisably\\Backend\\node_modules\\router\\index.js:291:5)\n    at Function.handle (C:\\Users\\Bijesh\\Desktop\\Hisably\\Backend\\node_modules\\router\\index.js:186:3)\n    at router (C:\\Users\\Bijesh\\Desktop\\Hisably\\Backend\\node_modules\\router\\index.js:60:12)\n    at Layer.handleRequest (C:\\Users\\Bijesh\\Desktop\\Hisably\\Backend\\node_modules\\router\\lib\\layer.js:152:17)\n    at trimPrefix (C:\\Users\\Bijesh\\Desktop\\Hisably\\Backend\\node_modules\\router\\index.js:342:13)","statusCode":401,"timestamp":"2026-09-02T12:42:37.276Z","url":"/api/v1/products?limit=100"}
{"ip":"::1","level":"error","message":"Invalid or expired token","method":"GET","service":"hisably-api","stack":"Error: Invalid or expired token\n    at authenticate (C:\\Users\\Bijesh\\Desktop\\Hisably\\Backend\\src\\middlewares\\auth.middleware.js:19:10)\n    at Layer.handleRequest (C:\\Users\\Bijesh\\Desktop\\Hisably\\Backend\\node_modules\\router\\lib\\layer.js:152:17)\n    at trimPrefix (C:\\Users\\Bijesh\\Desktop\\Hisably\\Backend\\node_modules\\router\\index.js:342:13)\n    at C:\\Users\\Bijesh\\Desktop\\Hisably\\Backend\\node_modules\\router\\index.js:297:9\n    at processParams (C:\\Users\\Bijesh\\Desktop\\Hisably\\Backend\\node_modules\\router\\index.js:582:12)\n    at next (C:\\Users\\Bijesh\\Desktop\\Hisably\\Backend\\node_modules\\router\\index.js:291:5)\n    at Function.handle (C:\\Users\\Bijesh\\Desktop\\Hisably\\Backend\\node_modules\\router\\index.js:186:3)\n    at router (C:\\Users\\Bijesh\\Desktop\\Hisably\\Backend\\node_modules\\router\\index.js:60:12)\n    at Layer.handleRequest (C:\\Users\\Bijesh\\Desktop\\Hisably\\Backend\\node_modules\\router\\lib\\layer.js:152:17)\n    at trimPrefix (C:\\Users\\Bijesh\\Desktop\\Hisably\\Backend\\node_modules\\router\\index.js:342:13)","statusCode":401,"timestamp":"2026-09-02T12:42:37.287Z","url":"/api/v1/products?limit=100"}
{"ip":"::1","level":"error","message":"Invalid or expired token","method":"POST","service":"hisably-api","stack":"Error: Invalid or expired token\n    at authenticate (C:\\Users\\Bijesh\\Desktop\\Hisably\\Backend\\src\\middlewares\\auth.middleware.js:19:10)\n    at Layer.handleRequest (C:\\Users\\Bijesh\\Desktop\\Hisably\\Backend\\node_modules\\router\\lib\\layer.js:152:17)\n    at trimPrefix (C:\\Users\\Bijesh\\Desktop\\Hisably\\Backend\\node_modules\\router\\index.js:342:13)\n    at C:\\Users\\Bijesh\\Desktop\\Hisably\\Backend\\node_modules\\router\\index.js:297:9\n    at processParams (C:\\Users\\Bijesh\\Desktop\\Hisably\\Backend\\node_modules\\router\\index.js:582:12)\n    at next (C:\\Users\\Bijesh\\Desktop\\Hisably\\Backend\\node_modules\\router\\index.js:291:5)\n    at Function.handle (C:\\Users\\Bijesh\\Desktop\\Hisably\\Backend\\node_modules\\router\\index.js:186:3)\n    at router (C:\\Users\\Bijesh\\Desktop\\Hisably\\Backend\\node_modules\\router\\index.js:60:12)\n    at Layer.handleRequest (C:\\Users\\Bijesh\\Desktop\\Hisably\\Backend\\node_modules\\router\\lib\\layer.js:152:17)\n    at trimPrefix (C:\\Users\\Bijesh\\Desktop\\Hisably\\Backend\\node_modules\\router\\index.js:342:13)","statusCode":401,"timestamp":"2026-09-02T12:42:42.180Z","url":"/api/v1/sales"}
{"ip":"::1","level":"error","message":"Invalid or expired token","method":"GET","service":"hisably-api","stack":"Error: Invalid or expired token\n    at authenticate (C:\\Users\\Bijesh\\Desktop\\Hisably\\Backend\\src\\middlewares\\auth.middleware.js:19:10)\n    at Layer.handleRequest (C:\\Users\\Bijesh\\Desktop\\Hisably\\Backend\\node_modules\\router\\lib\\layer.js:152:17)\n    at trimPrefix (C:\\Users\\Bijesh\\Desktop\\Hisably\\Backend\\node_modules\\router\\index.js:342:13)\n    at C:\\Users\\Bijesh\\Desktop\\Hisably\\Backend\\node_modules\\router\\index.js:297:9\n    at processParams (C:\\Users\\Bijesh\\Desktop\\Hisably\\Backend\\node_modules\\router\\index.js:582:12)\n    at next (C:\\Users\\Bijesh\\Desktop\\Hisably\\Backend\\node_modules\\router\\index.js:291:5)\n    at Function.handle (C:\\Users\\Bijesh\\Desktop\\Hisably\\Backend\\node_modules\\router\\index.js:186:3)\n    at router (C:\\Users\\Bijesh\\Desktop\\Hisably\\Backend\\node_modules\\router\\index.js:60:12)\n    at Layer.handleRequest (C:\\Users\\Bijesh\\Desktop\\Hisably\\Backend\\node_modules\\router\\lib\\layer.js:152:17)\n    at trimPrefix (C:\\Users\\Bijesh\\Desktop\\Hisably\\Backend\\node_modules\\router\\index.js:342:13)","statusCode":401,"timestamp":"2026-09-02T12:47:47.734Z","url":"/api/v1/organizations/platform-overview"}
{"ip":"::1","level":"error","message":"Invalid or expired token","method":"GET","service":"hisably-api","stack":"Error: Invalid or expired token\n    at authenticate (C:\\Users\\Bijesh\\Desktop\\Hisably\\Backend\\src\\middlewares\\auth.middleware.js:19:10)\n    at Layer.handleRequest (C:\\Users\\Bijesh\\Desktop\\Hisably\\Backend\\node_modules\\router\\lib\\layer.js:152:17)\n    at trimPrefix (C:\\Users\\Bijesh\\Desktop\\Hisably\\Backend\\node_modules\\router\\index.js:342:13)\n    at C:\\Users\\Bijesh\\Desktop\\Hisably\\Backend\\node_modules\\router\\index.js:297:9\n    at processParams (C:\\Users\\Bijesh\\Desktop\\Hisably\\Backend\\node_modules\\router\\index.js:582:12)\n    at next (C:\\Users\\Bijesh\\Desktop\\Hisably\\Backend\\node_modules\\router\\index.js:291:5)\n    at Function.handle (C:\\Users\\Bijesh\\Desktop\\Hisably\\Backend\\node_modules\\router\\index.js:186:3)\n    at router (C:\\Users\\Bijesh\\Desktop\\Hisably\\Backend\\node_modules\\router\\index.js:60:12)\n    at Layer.handleRequest (C:\\Users\\Bijesh\\Desktop\\Hisably\\Backend\\node_modules\\router\\lib\\layer.js:152:17)\n    at trimPrefix (C:\\Users\\Bijesh\\Desktop\\Hisably\\Backend\\node_modules\\router\\index.js:342:13)","statusCode":401,"timestamp":"2026-09-02T12:47:47.748Z","url":"/api/v1/organizations/platform-overview"}
{"ip":"::1","level":"error","message":"Invalid or expired token","method":"POST","service":"hisably-api","stack":"Error: Invalid or expired token\n    at authenticate (C:\\Users\\Bijesh\\Desktop\\Hisably\\Backend\\src\\middlewares\\auth.middleware.js:19:10)\n    at Layer.handleRequest (C:\\Users\\Bijesh\\Desktop\\Hisably\\Backend\\node_modules\\router\\lib\\layer.js:152:17)\n    at next (C:\\Users\\Bijesh\\Desktop\\Hisably\\Backend\\node_modules\\router\\lib\\route.js:157:13)\n    at Route.dispatch (C:\\Users\\Bijesh\\Desktop\\Hisably\\Backend\\node_modules\\router\\lib\\route.js:117:3)\n    at handle (C:\\Users\\Bijesh\\Desktop\\Hisably\\Backend\\node_modules\\router\\index.js:435:11)\n    at Layer.handleRequest (C:\\Users\\Bijesh\\Desktop\\Hisably\\Backend\\node_modules\\router\\lib\\layer.js:152:17)\n    at C:\\Users\\Bijesh\\Desktop\\Hisably\\Backend\\node_modules\\router\\index.js:295:15\n    at processParams (C:\\Users\\Bijesh\\Desktop\\Hisably\\Backend\\node_modules\\router\\index.js:582:12)\n    at next (C:\\Users\\Bijesh\\Desktop\\Hisably\\Backend\\node_modules\\router\\index.js:291:5)\n    at Function.handle (C:\\Users\\Bijesh\\Desktop\\Hisably\\Backend\\node_modules\\router\\index.js:186:3)","statusCode":401,"timestamp":"2026-09-02T12:51:37.969Z","url":"/api/v1/auth/logout"}
{"ip":"::1","level":"error","message":"Invalid or expired token","method":"GET","service":"hisably-api","stack":"Error: Invalid or expired token\n    at authenticate (C:\\Users\\Bijesh\\Desktop\\Hisably\\Backend\\src\\middlewares\\auth.middleware.js:19:10)\n    at Layer.handleRequest (C:\\Users\\Bijesh\\Desktop\\Hisably\\Backend\\node_modules\\router\\lib\\layer.js:152:17)\n    at trimPrefix (C:\\Users\\Bijesh\\Desktop\\Hisably\\Backend\\node_modules\\router\\index.js:342:13)\n    at C:\\Users\\Bijesh\\Desktop\\Hisably\\Backend\\node_modules\\router\\index.js:297:9\n    at processParams (C:\\Users\\Bijesh\\Desktop\\Hisably\\Backend\\node_modules\\router\\index.js:582:12)\n    at next (C:\\Users\\Bijesh\\Desktop\\Hisably\\Backend\\node_modules\\router\\index.js:291:5)\n    at Function.handle (C:\\Users\\Bijesh\\Desktop\\Hisably\\Backend\\node_modules\\router\\index.js:186:3)\n    at router (C:\\Users\\Bijesh\\Desktop\\Hisably\\Backend\\node_modules\\router\\index.js:60:12)\n    at Layer.handleRequest (C:\\Users\\Bijesh\\Desktop\\Hisably\\Backend\\node_modules\\router\\lib\\layer.js:152:17)\n    at trimPrefix (C:\\Users\\Bijesh\\Desktop\\Hisably\\Backend\\node_modules\\router\\index.js:342:13)","statusCode":401,"timestamp":"2026-09-02T12:51:41.419Z","url":"/api/v1/products?limit=100"}
{"ip":"::1","level":"error","message":"Invalid or expired token","method":"GET","service":"hisably-api","stack":"Error: Invalid or expired token\n    at authenticate (C:\\Users\\Bijesh\\Desktop\\Hisably\\Backend\\src\\middlewares\\auth.middleware.js:19:10)\n    at Layer.handleRequest (C:\\Users\\Bijesh\\Desktop\\Hisably\\Backend\\node_modules\\router\\lib\\layer.js:152:17)\n    at trimPrefix (C:\\Users\\Bijesh\\Desktop\\Hisably\\Backend\\node_modules\\router\\index.js:342:13)\n    at C:\\Users\\Bijesh\\Desktop\\Hisably\\Backend\\node_modules\\router\\index.js:297:9\n    at processParams (C:\\Users\\Bijesh\\Desktop\\Hisably\\Backend\\node_modules\\router\\index.js:582:12)\n    at next (C:\\Users\\Bijesh\\Desktop\\Hisably\\Backend\\node_modules\\router\\index.js:291:5)\n    at Function.handle (C:\\Users\\Bijesh\\Desktop\\Hisably\\Backend\\node_modules\\router\\index.js:186:3)\n    at router (C:\\Users\\Bijesh\\Desktop\\Hisably\\Backend\\node_modules\\router\\index.js:60:12)\n    at Layer.handleRequest (C:\\Users\\Bijesh\\Desktop\\Hisably\\Backend\\node_modules\\router\\lib\\layer.js:152:17)\n    at trimPrefix (C:\\Users\\Bijesh\\Desktop\\Hisably\\Backend\\node_modules\\router\\index.js:342:13)","statusCode":401,"timestamp":"2026-09-02T12:51:41.428Z","url":"/api/v1/products?limit=100"}
{"ip":"::1","level":"error","message":"Invalid or expired token","method":"POST","service":"hisably-api","stack":"Error: Invalid or expired token\n    at authenticate (C:\\Users\\Bijesh\\Desktop\\Hisably\\Backend\\src\\middlewares\\auth.middleware.js:19:10)\n    at Layer.handleRequest (C:\\Users\\Bijesh\\Desktop\\Hisably\\Backend\\node_modules\\router\\lib\\layer.js:152:17)\n    at next (C:\\Users\\Bijesh\\Desktop\\Hisably\\Backend\\node_modules\\router\\lib\\route.js:157:13)\n    at Route.dispatch (C:\\Users\\Bijesh\\Desktop\\Hisably\\Backend\\node_modules\\router\\lib\\route.js:117:3)\n    at handle (C:\\Users\\Bijesh\\Desktop\\Hisably\\Backend\\node_modules\\router\\index.js:435:11)\n    at Layer.handleRequest (C:\\Users\\Bijesh\\Desktop\\Hisably\\Backend\\node_modules\\router\\lib\\layer.js:152:17)\n    at C:\\Users\\Bijesh\\Desktop\\Hisably\\Backend\\node_modules\\router\\index.js:295:15\n    at processParams (C:\\Users\\Bijesh\\Desktop\\Hisably\\Backend\\node_modules\\router\\index.js:582:12)\n    at next (C:\\Users\\Bijesh\\Desktop\\Hisably\\Backend\\node_modules\\router\\index.js:291:5)\n    at Function.handle (C:\\Users\\Bijesh\\Desktop\\Hisably\\Backend\\node_modules\\router\\index.js:186:3)","statusCode":401,"timestamp":"2026-09-02T12:51:47.547Z","url":"/api/v1/auth/logout"}
{"ip":"::1","level":"error","message":"Invalid or expired token","method":"GET","service":"hisably-api","stack":"Error: Invalid or expired token\n    at authenticate (C:\\Users\\Bijesh\\Desktop\\Hisably\\Backend\\src\\middlewares\\auth.middleware.js:19:10)\n    at Layer.handleRequest (C:\\Users\\Bijesh\\Desktop\\Hisably\\Backend\\node_modules\\router\\lib\\layer.js:152:17)\n    at trimPrefix (C:\\Users\\Bijesh\\Desktop\\Hisably\\Backend\\node_modules\\router\\index.js:342:13)\n    at C:\\Users\\Bijesh\\Desktop\\Hisably\\Backend\\node_modules\\router\\index.js:297:9\n    at processParams (C:\\Users\\Bijesh\\Desktop\\Hisably\\Backend\\node_modules\\router\\index.js:582:12)\n    at next (C:\\Users\\Bijesh\\Desktop\\Hisably\\Backend\\node_modules\\router\\index.js:291:5)\n    at Function.handle (C:\\Users\\Bijesh\\Desktop\\Hisably\\Backend\\node_modules\\router\\index.js:186:3)\n    at router (C:\\Users\\Bijesh\\Desktop\\Hisably\\Backend\\node_modules\\router\\index.js:60:12)\n    at Layer.handleRequest (C:\\Users\\Bijesh\\Desktop\\Hisably\\Backend\\node_modules\\router\\lib\\layer.js:152:17)\n    at trimPrefix (C:\\Users\\Bijesh\\Desktop\\Hisably\\Backend\\node_modules\\router\\index.js:342:13)","statusCode":401,"timestamp":"2026-09-02T12:51:54.417Z","url":"/api/v1/expenses"}
{"ip":"::1","level":"error","message":"Invalid or expired token","method":"POST","service":"hisably-api","stack":"Error: Invalid or expired token\n    at authenticate (C:\\Users\\Bijesh\\Desktop\\Hisably\\Backend\\src\\middlewares\\auth.middleware.js:19:10)\n    at Layer.handleRequest (C:\\Users\\Bijesh\\Desktop\\Hisably\\Backend\\node_modules\\router\\lib\\layer.js:152:17)\n    at next (C:\\Users\\Bijesh\\Desktop\\Hisably\\Backend\\node_modules\\router\\lib\\route.js:157:13)\n    at Route.dispatch (C:\\Users\\Bijesh\\Desktop\\Hisably\\Backend\\node_modules\\router\\lib\\route.js:117:3)\n    at handle (C:\\Users\\Bijesh\\Desktop\\Hisably\\Backend\\node_modules\\router\\index.js:435:11)\n    at Layer.handleRequest (C:\\Users\\Bijesh\\Desktop\\Hisably\\Backend\\node_modules\\router\\lib\\layer.js:152:17)\n    at C:\\Users\\Bijesh\\Desktop\\Hisably\\Backend\\node_modules\\router\\index.js:295:15\n    at processParams (C:\\Users\\Bijesh\\Desktop\\Hisably\\Backend\\node_modules\\router\\index.js:582:12)\n    at next (C:\\Users\\Bijesh\\Desktop\\Hisably\\Backend\\node_modules\\router\\index.js:291:5)\n    at Function.handle (C:\\Users\\Bijesh\\Desktop\\Hisably\\Backend\\node_modules\\router\\index.js:186:3)","statusCode":401,"timestamp":"2026-09-02T12:51:58.946Z","url":"/api/v1/auth/logout"}
{"ip":"::1","level":"error","message":"Invalid or expired token","method":"GET","service":"hisably-api","stack":"Error: Invalid or expired token\n    at authenticate (C:\\Users\\Bijesh\\Desktop\\Hisably\\Backend\\src\\middlewares\\auth.middleware.js:19:10)\n    at Layer.handleRequest (C:\\Users\\Bijesh\\Desktop\\Hisably\\Backend\\node_modules\\router\\lib\\layer.js:152:17)\n    at trimPrefix (C:\\Users\\Bijesh\\Desktop\\Hisably\\Backend\\node_modules\\router\\index.js:342:13)\n    at C:\\Users\\Bijesh\\Desktop\\Hisably\\Backend\\node_modules\\router\\index.js:297:9\n    at processParams (C:\\Users\\Bijesh\\Desktop\\Hisably\\Backend\\node_modules\\router\\index.js:582:12)\n    at next (C:\\Users\\Bijesh\\Desktop\\Hisably\\Backend\\node_modules\\router\\index.js:291:5)\n    at Function.handle (C:\\Users\\Bijesh\\Desktop\\Hisably\\Backend\\node_modules\\router\\index.js:186:3)\n    at router (C:\\Users\\Bijesh\\Desktop\\Hisably\\Backend\\node_modules\\router\\index.js:60:12)\n    at Layer.handleRequest (C:\\Users\\Bijesh\\Desktop\\Hisably\\Backend\\node_modules\\router\\lib\\layer.js:152:17)\n    at trimPrefix (C:\\Users\\Bijesh\\Desktop\\Hisably\\Backend\\node_modules\\router\\index.js:342:13)","statusCode":401,"timestamp":"2026-09-02T12:52:08.098Z","url":"/api/v1/products"}
{"ip":"::1","level":"error","message":"Invalid or expired token","method":"GET","service":"hisably-api","stack":"Error: Invalid or expired token\n    at authenticate (C:\\Users\\Bijesh\\Desktop\\Hisably\\Backend\\src\\middlewares\\auth.middleware.js:19:10)\n    at Layer.handleRequest (C:\\Users\\Bijesh\\Desktop\\Hisably\\Backend\\node_modules\\router\\lib\\layer.js:152:17)\n    at trimPrefix (C:\\Users\\Bijesh\\Desktop\\Hisably\\Backend\\node_modules\\router\\index.js:342:13)\n    at C:\\Users\\Bijesh\\Desktop\\Hisably\\Backend\\node_modules\\router\\index.js:297:9\n    at processParams (C:\\Users\\Bijesh\\Desktop\\Hisably\\Backend\\node_modules\\router\\index.js:582:12)\n    at next (C:\\Users\\Bijesh\\Desktop\\Hisably\\Backend\\node_modules\\router\\index.js:291:5)\n    at Function.handle (C:\\Users\\Bijesh\\Desktop\\Hisably\\Backend\\node_modules\\router\\index.js:186:3)\n    at router (C:\\Users\\Bijesh\\Desktop\\Hisably\\Backend\\node_modules\\router\\index.js:60:12)\n    at Layer.handleRequest (C:\\Users\\Bijesh\\Desktop\\Hisably\\Backend\\node_modules\\router\\lib\\layer.js:152:17)\n    at trimPrefix (C:\\Users\\Bijesh\\Desktop\\Hisably\\Backend\\node_modules\\router\\index.js:342:13)","statusCode":401,"timestamp":"2026-09-02T12:52:08.977Z","url":"/api/v1/inventory"}
{"ip":"::1","level":"error","message":"Invalid or expired token","method":"GET","service":"hisably-api","stack":"Error: Invalid or expired token\n    at authenticate (C:\\Users\\Bijesh\\Desktop\\Hisably\\Backend\\src\\middlewares\\auth.middleware.js:19:10)\n    at Layer.handleRequest (C:\\Users\\Bijesh\\Desktop\\Hisably\\Backend\\node_modules\\router\\lib\\layer.js:152:17)\n    at trimPrefix (C:\\Users\\Bijesh\\Desktop\\Hisably\\Backend\\node_modules\\router\\index.js:342:13)\n    at C:\\Users\\Bijesh\\Desktop\\Hisably\\Backend\\node_modules\\router\\index.js:297:9\n    at processParams (C:\\Users\\Bijesh\\Desktop\\Hisably\\Backend\\node_modules\\router\\index.js:582:12)\n    at next (C:\\Users\\Bijesh\\Desktop\\Hisably\\Backend\\node_modules\\router\\index.js:291:5)\n    at Function.handle (C:\\Users\\Bijesh\\Desktop\\Hisably\\Backend\\node_modules\\router\\index.js:186:3)\n    at router (C:\\Users\\Bijesh\\Desktop\\Hisably\\Backend\\node_modules\\router\\index.js:60:12)\n    at Layer.handleRequest (C:\\Users\\Bijesh\\Desktop\\Hisably\\Backend\\node_modules\\router\\lib\\layer.js:152:17)\n    at trimPrefix (C:\\Users\\Bijesh\\Desktop\\Hisably\\Backend\\node_modules\\router\\index.js:342:13)","statusCode":401,"timestamp":"2026-09-02T12:52:09.924Z","url":"/api/v1/stock-transfers"}
{"ip":"::1","level":"error","message":"Invalid or expired token","method":"GET","service":"hisably-api","stack":"Error: Invalid or expired token\n    at authenticate (C:\\Users\\Bijesh\\Desktop\\Hisably\\Backend\\src\\middlewares\\auth.middleware.js:19:10)\n    at Layer.handleRequest (C:\\Users\\Bijesh\\Desktop\\Hisably\\Backend\\node_modules\\router\\lib\\layer.js:152:17)\n    at trimPrefix (C:\\Users\\Bijesh\\Desktop\\Hisably\\Backend\\node_modules\\router\\index.js:342:13)\n    at C:\\Users\\Bijesh\\Desktop\\Hisably\\Backend\\node_modules\\router\\index.js:297:9\n    at processParams (C:\\Users\\Bijesh\\Desktop\\Hisably\\Backend\\node_modules\\router\\index.js:582:12)\n    at next (C:\\Users\\Bijesh\\Desktop\\Hisably\\Backend\\node_modules\\router\\index.js:291:5)\n    at Function.handle (C:\\Users\\Bijesh\\Desktop\\Hisably\\Backend\\node_modules\\router\\index.js:186:3)\n    at router (C:\\Users\\Bijesh\\Desktop\\Hisably\\Backend\\node_modules\\router\\index.js:60:12)\n    at Layer.handleRequest (C:\\Users\\Bijesh\\Desktop\\Hisably\\Backend\\node_modules\\router\\lib\\layer.js:152:17)\n    at trimPrefix (C:\\Users\\Bijesh\\Desktop\\Hisably\\Backend\\node_modules\\router\\index.js:342:13)","statusCode":401,"timestamp":"2026-09-02T12:52:11.069Z","url":"/api/v1/warehouses"}
{"ip":"::1","level":"error","message":"Invalid or expired token","method":"POST","service":"hisably-api","stack":"Error: Invalid or expired token\n    at authenticate (C:\\Users\\Bijesh\\Desktop\\Hisably\\Backend\\src\\middlewares\\auth.middleware.js:19:10)\n    at Layer.handleRequest (C:\\Users\\Bijesh\\Desktop\\Hisably\\Backend\\node_modules\\router\\lib\\layer.js:152:17)\n    at next (C:\\Users\\Bijesh\\Desktop\\Hisably\\Backend\\node_modules\\router\\lib\\route.js:157:13)\n    at Route.dispatch (C:\\Users\\Bijesh\\Desktop\\Hisably\\Backend\\node_modules\\router\\lib\\route.js:117:3)\n    at handle (C:\\Users\\Bijesh\\Desktop\\Hisably\\Backend\\node_modules\\router\\index.js:435:11)\n    at Layer.handleRequest (C:\\Users\\Bijesh\\Desktop\\Hisably\\Backend\\node_modules\\router\\lib\\layer.js:152:17)\n    at C:\\Users\\Bijesh\\Desktop\\Hisably\\Backend\\node_modules\\router\\index.js:295:15\n    at processParams (C:\\Users\\Bijesh\\Desktop\\Hisably\\Backend\\node_modules\\router\\index.js:582:12)\n    at next (C:\\Users\\Bijesh\\Desktop\\Hisably\\Backend\\node_modules\\router\\index.js:291:5)\n    at Function.handle (C:\\Users\\Bijesh\\Desktop\\Hisably\\Backend\\node_modules\\router\\index.js:186:3)","statusCode":401,"timestamp":"2026-09-02T12:52:17.829Z","url":"/api/v1/auth/logout"}
{"ip":"::1","level":"error","message":"Invalid or expired token","method":"GET","service":"hisably-api","stack":"Error: Invalid or expired token\n    at authenticate (C:\\Users\\Bijesh\\Desktop\\Hisably\\Backend\\src\\middlewares\\auth.middleware.js:19:10)\n    at Layer.handleRequest (C:\\Users\\Bijesh\\Desktop\\Hisably\\Backend\\node_modules\\router\\lib\\layer.js:152:17)\n    at trimPrefix (C:\\Users\\Bijesh\\Desktop\\Hisably\\Backend\\node_modules\\router\\index.js:342:13)\n    at C:\\Users\\Bijesh\\Desktop\\Hisably\\Backend\\node_modules\\router\\index.js:297:9\n    at processParams (C:\\Users\\Bijesh\\Desktop\\Hisably\\Backend\\node_modules\\router\\index.js:582:12)\n    at next (C:\\Users\\Bijesh\\Desktop\\Hisably\\Backend\\node_modules\\router\\index.js:291:5)\n    at Function.handle (C:\\Users\\Bijesh\\Desktop\\Hisably\\Backend\\node_modules\\router\\index.js:186:3)\n    at router (C:\\Users\\Bijesh\\Desktop\\Hisably\\Backend\\node_modules\\router\\index.js:60:12)\n    at Layer.handleRequest (C:\\Users\\Bijesh\\Desktop\\Hisably\\Backend\\node_modules\\router\\lib\\layer.js:152:17)\n    at trimPrefix (C:\\Users\\Bijesh\\Desktop\\Hisably\\Backend\\node_modules\\router\\index.js:342:13)","statusCode":401,"timestamp":"2026-09-02T12:52:22.950Z","url":"/api/v1/organizations/platform-overview"}
{"ip":"::1","level":"error","message":"Invalid or expired token","method":"GET","service":"hisably-api","stack":"Error: Invalid or expired token\n    at authenticate (C:\\Users\\Bijesh\\Desktop\\Hisably\\Backend\\src\\middlewares\\auth.middleware.js:19:10)\n    at Layer.handleRequest (C:\\Users\\Bijesh\\Desktop\\Hisably\\Backend\\node_modules\\router\\lib\\layer.js:152:17)\n    at trimPrefix (C:\\Users\\Bijesh\\Desktop\\Hisably\\Backend\\node_modules\\router\\index.js:342:13)\n    at C:\\Users\\Bijesh\\Desktop\\Hisably\\Backend\\node_modules\\router\\index.js:297:9\n    at processParams (C:\\Users\\Bijesh\\Desktop\\Hisably\\Backend\\node_modules\\router\\index.js:582:12)\n    at next (C:\\Users\\Bijesh\\Desktop\\Hisably\\Backend\\node_modules\\router\\index.js:291:5)\n    at Function.handle (C:\\Users\\Bijesh\\Desktop\\Hisably\\Backend\\node_modules\\router\\index.js:186:3)\n    at router (C:\\Users\\Bijesh\\Desktop\\Hisably\\Backend\\node_modules\\router\\index.js:60:12)\n    at Layer.handleRequest (C:\\Users\\Bijesh\\Desktop\\Hisably\\Backend\\node_modules\\router\\lib\\layer.js:152:17)\n    at trimPrefix (C:\\Users\\Bijesh\\Desktop\\Hisably\\Backend\\node_modules\\router\\index.js:342:13)","statusCode":401,"timestamp":"2026-09-02T12:52:22.959Z","url":"/api/v1/organizations/platform-overview"}
{"ip":"::1","level":"error","message":"Invalid or expired token","method":"GET","service":"hisably-api","stack":"Error: Invalid or expired token\n    at authenticate (C:\\Users\\Bijesh\\Desktop\\Hisably\\Backend\\src\\middlewares\\auth.middleware.js:19:10)\n    at Layer.handleRequest (C:\\Users\\Bijesh\\Desktop\\Hisably\\Backend\\node_modules\\router\\lib\\layer.js:152:17)\n    at trimPrefix (C:\\Users\\Bijesh\\Desktop\\Hisably\\Backend\\node_modules\\router\\index.js:342:13)\n    at C:\\Users\\Bijesh\\Desktop\\Hisably\\Backend\\node_modules\\router\\index.js:297:9\n    at processParams (C:\\Users\\Bijesh\\Desktop\\Hisably\\Backend\\node_modules\\router\\index.js:582:12)\n    at next (C:\\Users\\Bijesh\\Desktop\\Hisably\\Backend\\node_modules\\router\\index.js:291:5)\n    at Function.handle (C:\\Users\\Bijesh\\Desktop\\Hisably\\Backend\\node_modules\\router\\index.js:186:3)\n    at router (C:\\Users\\Bijesh\\Desktop\\Hisably\\Backend\\node_modules\\router\\index.js:60:12)\n    at Layer.handleRequest (C:\\Users\\Bijesh\\Desktop\\Hisably\\Backend\\node_modules\\router\\lib\\layer.js:152:17)\n    at trimPrefix (C:\\Users\\Bijesh\\Desktop\\Hisably\\Backend\\node_modules\\router\\index.js:342:13)","statusCode":401,"timestamp":"2026-09-02T12:52:26.206Z","url":"/api/v1/organizations/platform-overview"}
{"ip":"::1","level":"error","message":"Invalid or expired token","method":"GET","service":"hisably-api","stack":"Error: Invalid or expired token\n    at authenticate (C:\\Users\\Bijesh\\Desktop\\Hisably\\Backend\\src\\middlewares\\auth.middleware.js:19:10)\n    at Layer.handleRequest (C:\\Users\\Bijesh\\Desktop\\Hisably\\Backend\\node_modules\\router\\lib\\layer.js:152:17)\n    at trimPrefix (C:\\Users\\Bijesh\\Desktop\\Hisably\\Backend\\node_modules\\router\\index.js:342:13)\n    at C:\\Users\\Bijesh\\Desktop\\Hisably\\Backend\\node_modules\\router\\index.js:297:9\n    at processParams (C:\\Users\\Bijesh\\Desktop\\Hisably\\Backend\\node_modules\\router\\index.js:582:12)\n    at next (C:\\Users\\Bijesh\\Desktop\\Hisably\\Backend\\node_modules\\router\\index.js:291:5)\n    at Function.handle (C:\\Users\\Bijesh\\Desktop\\Hisably\\Backend\\node_modules\\router\\index.js:186:3)\n    at router (C:\\Users\\Bijesh\\Desktop\\Hisably\\Backend\\node_modules\\router\\index.js:60:12)\n    at Layer.handleRequest (C:\\Users\\Bijesh\\Desktop\\Hisably\\Backend\\node_modules\\router\\lib\\layer.js:152:17)\n    at trimPrefix (C:\\Users\\Bijesh\\Desktop\\Hisably\\Backend\\node_modules\\router\\index.js:342:13)","statusCode":401,"timestamp":"2026-09-02T12:52:26.214Z","url":"/api/v1/organizations/platform-overview"}
{"ip":"::1","level":"error","message":"Invalid or expired token","method":"POST","service":"hisably-api","stack":"Error: Invalid or expired token\n    at authenticate (C:\\Users\\Bijesh\\Desktop\\Hisably\\Backend\\src\\middlewares\\auth.middleware.js:19:10)\n    at Layer.handleRequest (C:\\Users\\Bijesh\\Desktop\\Hisably\\Backend\\node_modules\\router\\lib\\layer.js:152:17)\n    at next (C:\\Users\\Bijesh\\Desktop\\Hisably\\Backend\\node_modules\\router\\lib\\route.js:157:13)\n    at Route.dispatch (C:\\Users\\Bijesh\\Desktop\\Hisably\\Backend\\node_modules\\router\\lib\\route.js:117:3)\n    at handle (C:\\Users\\Bijesh\\Desktop\\Hisably\\Backend\\node_modules\\router\\index.js:435:11)\n    at Layer.handleRequest (C:\\Users\\Bijesh\\Desktop\\Hisably\\Backend\\node_modules\\router\\lib\\layer.js:152:17)\n    at C:\\Users\\Bijesh\\Desktop\\Hisably\\Backend\\node_modules\\router\\index.js:295:15\n    at processParams (C:\\Users\\Bijesh\\Desktop\\Hisably\\Backend\\node_modules\\router\\index.js:582:12)\n    at next (C:\\Users\\Bijesh\\Desktop\\Hisably\\Backend\\node_modules\\router\\index.js:291:5)\n    at Function.handle (C:\\Users\\Bijesh\\Desktop\\Hisably\\Backend\\node_modules\\router\\index.js:186:3)","statusCode":401,"timestamp":"2026-09-02T13:00:52.375Z","url":"/api/v1/auth/logout"}
{"ip":"::1","level":"error","message":"Invalid or expired token","method":"GET","service":"hisably-api","stack":"Error: Invalid or expired token\n    at authenticate (C:\\Users\\Bijesh\\Desktop\\Hisably\\Backend\\src\\middlewares\\auth.middleware.js:19:10)\n    at Layer.handleRequest (C:\\Users\\Bijesh\\Desktop\\Hisably\\Backend\\node_modules\\router\\lib\\layer.js:152:17)\n    at trimPrefix (C:\\Users\\Bijesh\\Desktop\\Hisably\\Backend\\node_modules\\router\\index.js:342:13)\n    at C:\\Users\\Bijesh\\Desktop\\Hisably\\Backend\\node_modules\\router\\index.js:297:9\n    at processParams (C:\\Users\\Bijesh\\Desktop\\Hisably\\Backend\\node_modules\\router\\index.js:582:12)\n    at next (C:\\Users\\Bijesh\\Desktop\\Hisably\\Backend\\node_modules\\router\\index.js:291:5)\n    at Function.handle (C:\\Users\\Bijesh\\Desktop\\Hisably\\Backend\\node_modules\\router\\index.js:186:3)\n    at router (C:\\Users\\Bijesh\\Desktop\\Hisably\\Backend\\node_modules\\router\\index.js:60:12)\n    at Layer.handleRequest (C:\\Users\\Bijesh\\Desktop\\Hisably\\Backend\\node_modules\\router\\lib\\layer.js:152:17)\n    at trimPrefix (C:\\Users\\Bijesh\\Desktop\\Hisably\\Backend\\node_modules\\router\\index.js:342:13)","statusCode":401,"timestamp":"2026-09-02T13:03:32.413Z","url":"/api/v1/inventory"}
{"ip":"::1","level":"error","message":"Invalid or expired token","method":"GET","service":"hisably-api","stack":"Error: Invalid or expired token\n    at authenticate (C:\\Users\\Bijesh\\Desktop\\Hisably\\Backend\\src\\middlewares\\auth.middleware.js:19:10)\n    at Layer.handleRequest (C:\\Users\\Bijesh\\Desktop\\Hisably\\Backend\\node_modules\\router\\lib\\layer.js:152:17)\n    at trimPrefix (C:\\Users\\Bijesh\\Desktop\\Hisably\\Backend\\node_modules\\router\\index.js:342:13)\n    at C:\\Users\\Bijesh\\Desktop\\Hisably\\Backend\\node_modules\\router\\index.js:297:9\n    at processParams (C:\\Users\\Bijesh\\Desktop\\Hisably\\Backend\\node_modules\\router\\index.js:582:12)\n    at next (C:\\Users\\Bijesh\\Desktop\\Hisably\\Backend\\node_modules\\router\\index.js:291:5)\n    at Function.handle (C:\\Users\\Bijesh\\Desktop\\Hisably\\Backend\\node_modules\\router\\index.js:186:3)\n    at router (C:\\Users\\Bijesh\\Desktop\\Hisably\\Backend\\node_modules\\router\\index.js:60:12)\n    at Layer.handleRequest (C:\\Users\\Bijesh\\Desktop\\Hisably\\Backend\\node_modules\\router\\lib\\layer.js:152:17)\n    at trimPrefix (C:\\Users\\Bijesh\\Desktop\\Hisably\\Backend\\node_modules\\router\\index.js:342:13)","statusCode":401,"timestamp":"2026-09-02T13:03:49.604Z","url":"/api/v1/inventory"}
{"ip":"::1","level":"error","message":"Invalid or expired token","method":"GET","service":"hisably-api","stack":"Error: Invalid or expired token\n    at authenticate (C:\\Users\\Bijesh\\Desktop\\Hisably\\Backend\\src\\middlewares\\auth.middleware.js:19:10)\n    at Layer.handleRequest (C:\\Users\\Bijesh\\Desktop\\Hisably\\Backend\\node_modules\\router\\lib\\layer.js:152:17)\n    at trimPrefix (C:\\Users\\Bijesh\\Desktop\\Hisably\\Backend\\node_modules\\router\\index.js:342:13)\n    at C:\\Users\\Bijesh\\Desktop\\Hisably\\Backend\\node_modules\\router\\index.js:297:9\n    at processParams (C:\\Users\\Bijesh\\Desktop\\Hisably\\Backend\\node_modules\\router\\index.js:582:12)\n    at next (C:\\Users\\Bijesh\\Desktop\\Hisably\\Backend\\node_modules\\router\\index.js:291:5)\n    at Function.handle (C:\\Users\\Bijesh\\Desktop\\Hisably\\Backend\\node_modules\\router\\index.js:186:3)\n    at router (C:\\Users\\Bijesh\\Desktop\\Hisably\\Backend\\node_modules\\router\\index.js:60:12)\n    at Layer.handleRequest (C:\\Users\\Bijesh\\Desktop\\Hisably\\Backend\\node_modules\\router\\lib\\layer.js:152:17)\n    at trimPrefix (C:\\Users\\Bijesh\\Desktop\\Hisably\\Backend\\node_modules\\router\\index.js:342:13)","statusCode":401,"timestamp":"2026-09-02T13:03:59.162Z","url":"/api/v1/stock-transfers"}
{"ip":"::1","level":"error","message":"Invalid or expired token","method":"GET","service":"hisably-api","stack":"Error: Invalid or expired token\n    at authenticate (C:\\Users\\Bijesh\\Desktop\\Hisably\\Backend\\src\\middlewares\\auth.middleware.js:19:10)\n    at Layer.handleRequest (C:\\Users\\Bijesh\\Desktop\\Hisably\\Backend\\node_modules\\router\\lib\\layer.js:152:17)\n    at trimPrefix (C:\\Users\\Bijesh\\Desktop\\Hisably\\Backend\\node_modules\\router\\index.js:342:13)\n    at C:\\Users\\Bijesh\\Desktop\\Hisably\\Backend\\node_modules\\router\\index.js:297:9\n    at processParams (C:\\Users\\Bijesh\\Desktop\\Hisably\\Backend\\node_modules\\router\\index.js:582:12)\n    at next (C:\\Users\\Bijesh\\Desktop\\Hisably\\Backend\\node_modules\\router\\index.js:291:5)\n    at Function.handle (C:\\Users\\Bijesh\\Desktop\\Hisably\\Backend\\node_modules\\router\\index.js:186:3)\n    at router (C:\\Users\\Bijesh\\Desktop\\Hisably\\Backend\\node_modules\\router\\index.js:60:12)\n    at Layer.handleRequest (C:\\Users\\Bijesh\\Desktop\\Hisably\\Backend\\node_modules\\router\\lib\\layer.js:152:17)\n    at trimPrefix (C:\\Users\\Bijesh\\Desktop\\Hisably\\Backend\\node_modules\\router\\index.js:342:13)","statusCode":401,"timestamp":"2026-09-02T13:04:02.779Z","url":"/api/v1/warehouses"}
{"ip":"::1","level":"error","message":"Invalid or expired token","method":"GET","service":"hisably-api","stack":"Error: Invalid or expired token\n    at authenticate (C:\\Users\\Bijesh\\Desktop\\Hisably\\Backend\\src\\middlewares\\auth.middleware.js:19:10)\n    at Layer.handleRequest (C:\\Users\\Bijesh\\Desktop\\Hisably\\Backend\\node_modules\\router\\lib\\layer.js:152:17)\n    at trimPrefix (C:\\Users\\Bijesh\\Desktop\\Hisably\\Backend\\node_modules\\router\\index.js:342:13)\n    at C:\\Users\\Bijesh\\Desktop\\Hisably\\Backend\\node_modules\\router\\index.js:297:9\n    at processParams (C:\\Users\\Bijesh\\Desktop\\Hisably\\Backend\\node_modules\\router\\index.js:582:12)\n    at next (C:\\Users\\Bijesh\\Desktop\\Hisably\\Backend\\node_modules\\router\\index.js:291:5)\n    at Function.handle (C:\\Users\\Bijesh\\Desktop\\Hisably\\Backend\\node_modules\\router\\index.js:186:3)\n    at router (C:\\Users\\Bijesh\\Desktop\\Hisably\\Backend\\node_modules\\router\\index.js:60:12)\n    at Layer.handleRequest (C:\\Users\\Bijesh\\Desktop\\Hisably\\Backend\\node_modules\\router\\lib\\layer.js:152:17)\n    at trimPrefix (C:\\Users\\Bijesh\\Desktop\\Hisably\\Backend\\node_modules\\router\\index.js:342:13)","statusCode":401,"timestamp":"2026-09-02T13:04:05.360Z","url":"/api/v1/sales"}
{"ip":"::1","level":"error","message":"Invalid or expired token","method":"GET","service":"hisably-api","stack":"Error: Invalid or expired token\n    at authenticate (C:\\Users\\Bijesh\\Desktop\\Hisably\\Backend\\src\\middlewares\\auth.middleware.js:19:10)\n    at Layer.handleRequest (C:\\Users\\Bijesh\\Desktop\\Hisably\\Backend\\node_modules\\router\\lib\\layer.js:152:17)\n    at trimPrefix (C:\\Users\\Bijesh\\Desktop\\Hisably\\Backend\\node_modules\\router\\index.js:342:13)\n    at C:\\Users\\Bijesh\\Desktop\\Hisably\\Backend\\node_modules\\router\\index.js:297:9\n    at processParams (C:\\Users\\Bijesh\\Desktop\\Hisably\\Backend\\node_modules\\router\\index.js:582:12)\n    at next (C:\\Users\\Bijesh\\Desktop\\Hisably\\Backend\\node_modules\\router\\index.js:291:5)\n    at Function.handle (C:\\Users\\Bijesh\\Desktop\\Hisably\\Backend\\node_modules\\router\\index.js:186:3)\n    at router (C:\\Users\\Bijesh\\Desktop\\Hisably\\Backend\\node_modules\\router\\index.js:60:12)\n    at Layer.handleRequest (C:\\Users\\Bijesh\\Desktop\\Hisably\\Backend\\node_modules\\router\\lib\\layer.js:152:17)\n    at trimPrefix (C:\\Users\\Bijesh\\Desktop\\Hisably\\Backend\\node_modules\\router\\index.js:342:13)","statusCode":401,"timestamp":"2026-09-02T13:04:09.295Z","url":"/api/v1/sale-returns"}
{"ip":"::1","level":"error","message":"Invalid or expired token","method":"GET","service":"hisably-api","stack":"Error: Invalid or expired token\n    at authenticate (C:\\Users\\Bijesh\\Desktop\\Hisably\\Backend\\src\\middlewares\\auth.middleware.js:19:10)\n    at Layer.handleRequest (C:\\Users\\Bijesh\\Desktop\\Hisably\\Backend\\node_modules\\router\\lib\\layer.js:152:17)\n    at trimPrefix (C:\\Users\\Bijesh\\Desktop\\Hisably\\Backend\\node_modules\\router\\index.js:342:13)\n    at C:\\Users\\Bijesh\\Desktop\\Hisably\\Backend\\node_modules\\router\\index.js:297:9\n    at processParams (C:\\Users\\Bijesh\\Desktop\\Hisably\\Backend\\node_modules\\router\\index.js:582:12)\n    at next (C:\\Users\\Bijesh\\Desktop\\Hisably\\Backend\\node_modules\\router\\index.js:291:5)\n    at Function.handle (C:\\Users\\Bijesh\\Desktop\\Hisably\\Backend\\node_modules\\router\\index.js:186:3)\n    at router (C:\\Users\\Bijesh\\Desktop\\Hisably\\Backend\\node_modules\\router\\index.js:60:12)\n    at Layer.handleRequest (C:\\Users\\Bijesh\\Desktop\\Hisably\\Backend\\node_modules\\router\\lib\\layer.js:152:17)\n    at trimPrefix (C:\\Users\\Bijesh\\Desktop\\Hisably\\Backend\\node_modules\\router\\index.js:342:13)","statusCode":401,"timestamp":"2026-09-02T13:04:29.682Z","url":"/api/v1/reconciliation/qr"}
{"ip":"::1","level":"error","message":"Invalid or expired token","method":"GET","service":"hisably-api","stack":"Error: Invalid or expired token\n    at authenticate (C:\\Users\\Bijesh\\Desktop\\Hisably\\Backend\\src\\middlewares\\auth.middleware.js:19:10)\n    at Layer.handleRequest (C:\\Users\\Bijesh\\Desktop\\Hisably\\Backend\\node_modules\\router\\lib\\layer.js:152:17)\n    at trimPrefix (C:\\Users\\Bijesh\\Desktop\\Hisably\\Backend\\node_modules\\router\\index.js:342:13)\n    at C:\\Users\\Bijesh\\Desktop\\Hisably\\Backend\\node_modules\\router\\index.js:297:9\n    at processParams (C:\\Users\\Bijesh\\Desktop\\Hisably\\Backend\\node_modules\\router\\index.js:582:12)\n    at next (C:\\Users\\Bijesh\\Desktop\\Hisably\\Backend\\node_modules\\router\\index.js:291:5)\n    at Function.handle (C:\\Users\\Bijesh\\Desktop\\Hisably\\Backend\\node_modules\\router\\index.js:186:3)\n    at router (C:\\Users\\Bijesh\\Desktop\\Hisably\\Backend\\node_modules\\router\\index.js:60:12)\n    at Layer.handleRequest (C:\\Users\\Bijesh\\Desktop\\Hisably\\Backend\\node_modules\\router\\lib\\layer.js:152:17)\n    at trimPrefix (C:\\Users\\Bijesh\\Desktop\\Hisably\\Backend\\node_modules\\router\\index.js:342:13)","statusCode":401,"timestamp":"2026-09-02T13:04:29.690Z","url":"/api/v1/reconciliation/qr"}
{"ip":"::1","level":"error","message":"Invalid or expired token","method":"POST","service":"hisably-api","stack":"Error: Invalid or expired token\n    at authenticate (C:\\Users\\Bijesh\\Desktop\\Hisably\\Backend\\src\\middlewares\\auth.middleware.js:19:10)\n    at Layer.handleRequest (C:\\Users\\Bijesh\\Desktop\\Hisably\\Backend\\node_modules\\router\\lib\\layer.js:152:17)\n    at trimPrefix (C:\\Users\\Bijesh\\Desktop\\Hisably\\Backend\\node_modules\\router\\index.js:342:13)\n    at C:\\Users\\Bijesh\\Desktop\\Hisably\\Backend\\node_modules\\router\\index.js:297:9\n    at processParams (C:\\Users\\Bijesh\\Desktop\\Hisably\\Backend\\node_modules\\router\\index.js:582:12)\n    at next (C:\\Users\\Bijesh\\Desktop\\Hisably\\Backend\\node_modules\\router\\index.js:291:5)\n    at Function.handle (C:\\Users\\Bijesh\\Desktop\\Hisably\\Backend\\node_modules\\router\\index.js:186:3)\n    at router (C:\\Users\\Bijesh\\Desktop\\Hisably\\Backend\\node_modules\\router\\index.js:60:12)\n    at Layer.handleRequest (C:\\Users\\Bijesh\\Desktop\\Hisably\\Backend\\node_modules\\router\\lib\\layer.js:152:17)\n    at trimPrefix (C:\\Users\\Bijesh\\Desktop\\Hisably\\Backend\\node_modules\\router\\index.js:342:13)","statusCode":401,"timestamp":"2026-09-02T13:04:32.886Z","url":"/api/v1/reconciliation/reconcile"}
{"ip":"::1","level":"error","message":"Invalid or expired token","method":"GET","service":"hisably-api","stack":"Error: Invalid or expired token\n    at authenticate (C:\\Users\\Bijesh\\Desktop\\Hisably\\Backend\\src\\middlewares\\auth.middleware.js:19:10)\n    at Layer.handleRequest (C:\\Users\\Bijesh\\Desktop\\Hisably\\Backend\\node_modules\\router\\lib\\layer.js:152:17)\n    at trimPrefix (C:\\Users\\Bijesh\\Desktop\\Hisably\\Backend\\node_modules\\router\\index.js:342:13)\n    at C:\\Users\\Bijesh\\Desktop\\Hisably\\Backend\\node_modules\\router\\index.js:297:9\n    at processParams (C:\\Users\\Bijesh\\Desktop\\Hisably\\Backend\\node_modules\\router\\index.js:582:12)\n    at next (C:\\Users\\Bijesh\\Desktop\\Hisably\\Backend\\node_modules\\router\\index.js:291:5)\n    at Function.handle (C:\\Users\\Bijesh\\Desktop\\Hisably\\Backend\\node_modules\\router\\index.js:186:3)\n    at router (C:\\Users\\Bijesh\\Desktop\\Hisably\\Backend\\node_modules\\router\\index.js:60:12)\n    at Layer.handleRequest (C:\\Users\\Bijesh\\Desktop\\Hisably\\Backend\\node_modules\\router\\lib\\layer.js:152:17)\n    at trimPrefix (C:\\Users\\Bijesh\\Desktop\\Hisably\\Backend\\node_modules\\router\\index.js:342:13)","statusCode":401,"timestamp":"2026-09-02T13:05:01.388Z","url":"/api/v1/products?limit=100"}
{"ip":"::1","level":"error","message":"Invalid or expired token","method":"GET","service":"hisably-api","stack":"Error: Invalid or expired token\n    at authenticate (C:\\Users\\Bijesh\\Desktop\\Hisably\\Backend\\src\\middlewares\\auth.middleware.js:19:10)\n    at Layer.handleRequest (C:\\Users\\Bijesh\\Desktop\\Hisably\\Backend\\node_modules\\router\\lib\\layer.js:152:17)\n    at trimPrefix (C:\\Users\\Bijesh\\Desktop\\Hisably\\Backend\\node_modules\\router\\index.js:342:13)\n    at C:\\Users\\Bijesh\\Desktop\\Hisably\\Backend\\node_modules\\router\\index.js:297:9\n    at processParams (C:\\Users\\Bijesh\\Desktop\\Hisably\\Backend\\node_modules\\router\\index.js:582:12)\n    at next (C:\\Users\\Bijesh\\Desktop\\Hisably\\Backend\\node_modules\\router\\index.js:291:5)\n    at Function.handle (C:\\Users\\Bijesh\\Desktop\\Hisably\\Backend\\node_modules\\router\\index.js:186:3)\n    at router (C:\\Users\\Bijesh\\Desktop\\Hisably\\Backend\\node_modules\\router\\index.js:60:12)\n    at Layer.handleRequest (C:\\Users\\Bijesh\\Desktop\\Hisably\\Backend\\node_modules\\router\\lib\\layer.js:152:17)\n    at trimPrefix (C:\\Users\\Bijesh\\Desktop\\Hisably\\Backend\\node_modules\\router\\index.js:342:13)","statusCode":401,"timestamp":"2026-09-02T13:05:01.399Z","url":"/api/v1/products?limit=100"}
{"ip":"::1","level":"error","message":"Invalid or expired token","method":"POST","service":"hisably-api","stack":"Error: Invalid or expired token\n    at authenticate (C:\\Users\\Bijesh\\Desktop\\Hisably\\Backend\\src\\middlewares\\auth.middleware.js:19:10)\n    at Layer.handleRequest (C:\\Users\\Bijesh\\Desktop\\Hisably\\Backend\\node_modules\\router\\lib\\layer.js:152:17)\n    at next (C:\\Users\\Bijesh\\Desktop\\Hisably\\Backend\\node_modules\\router\\lib\\route.js:157:13)\n    at Route.dispatch (C:\\Users\\Bijesh\\Desktop\\Hisably\\Backend\\node_modules\\router\\lib\\route.js:117:3)\n    at handle (C:\\Users\\Bijesh\\Desktop\\Hisably\\Backend\\node_modules\\router\\index.js:435:11)\n    at Layer.handleRequest (C:\\Users\\Bijesh\\Desktop\\Hisably\\Backend\\node_modules\\router\\lib\\layer.js:152:17)\n    at C:\\Users\\Bijesh\\Desktop\\Hisably\\Backend\\node_modules\\router\\index.js:295:15\n    at processParams (C:\\Users\\Bijesh\\Desktop\\Hisably\\Backend\\node_modules\\router\\index.js:582:12)\n    at next (C:\\Users\\Bijesh\\Desktop\\Hisably\\Backend\\node_modules\\router\\index.js:291:5)\n    at Function.handle (C:\\Users\\Bijesh\\Desktop\\Hisably\\Backend\\node_modules\\router\\index.js:186:3)","statusCode":401,"timestamp":"2026-09-02T13:05:16.630Z","url":"/api/v1/auth/logout"}
{"level":"info","message":"Hisably API is running on port 3000 in development mode","service":"hisably-api","timestamp":"2026-09-02T14:22:05.461Z"}
{"level":"info","message":"✅ Database connected successfully","service":"hisably-api","timestamp":"2026-09-02T14:22:05.464Z"}
{"level":"info","message":"Server is running on : http://localhost:3000","service":"hisably-api","timestamp":"2026-09-02T14:22:05.465Z"}
{"level":"info","message":"Swagger documentation available at: http://localhost:3000/api-docs","service":"hisably-api","timestamp":"2026-09-02T14:22:05.465Z"}
{"ip":"::1","level":"error","message":"Invalid or expired token","method":"GET","service":"hisably-api","stack":"Error: Invalid or expired token\n    at authenticate (C:\\Users\\Bijesh\\Desktop\\Hisably\\Backend\\src\\middlewares\\auth.middleware.js:19:10)\n    at Layer.handleRequest (C:\\Users\\Bijesh\\Desktop\\Hisably\\Backend\\node_modules\\router\\lib\\layer.js:152:17)\n    at trimPrefix (C:\\Users\\Bijesh\\Desktop\\Hisably\\Backend\\node_modules\\router\\index.js:342:13)\n    at C:\\Users\\Bijesh\\Desktop\\Hisably\\Backend\\node_modules\\router\\index.js:297:9\n    at processParams (C:\\Users\\Bijesh\\Desktop\\Hisably\\Backend\\node_modules\\router\\index.js:582:12)\n    at next (C:\\Users\\Bijesh\\Desktop\\Hisably\\Backend\\node_modules\\router\\index.js:291:5)\n    at Function.handle (C:\\Users\\Bijesh\\Desktop\\Hisably\\Backend\\node_modules\\router\\index.js:186:3)\n    at router (C:\\Users\\Bijesh\\Desktop\\Hisably\\Backend\\node_modules\\router\\index.js:60:12)\n    at Layer.handleRequest (C:\\Users\\Bijesh\\Desktop\\Hisably\\Backend\\node_modules\\router\\lib\\layer.js:152:17)\n    at trimPrefix (C:\\Users\\Bijesh\\Desktop\\Hisably\\Backend\\node_modules\\router\\index.js:342:13)","statusCode":401,"timestamp":"2026-09-02T14:22:49.134Z","url":"/api/v1/products?limit=100"}
{"ip":"::1","level":"error","message":"Invalid or expired token","method":"GET","service":"hisably-api","stack":"Error: Invalid or expired token\n    at authenticate (C:\\Users\\Bijesh\\Desktop\\Hisably\\Backend\\src\\middlewares\\auth.middleware.js:19:10)\n    at Layer.handleRequest (C:\\Users\\Bijesh\\Desktop\\Hisably\\Backend\\node_modules\\router\\lib\\layer.js:152:17)\n    at trimPrefix (C:\\Users\\Bijesh\\Desktop\\Hisably\\Backend\\node_modules\\router\\index.js:342:13)\n    at C:\\Users\\Bijesh\\Desktop\\Hisably\\Backend\\node_modules\\router\\index.js:297:9\n    at processParams (C:\\Users\\Bijesh\\Desktop\\Hisably\\Backend\\node_modules\\router\\index.js:582:12)\n    at next (C:\\Users\\Bijesh\\Desktop\\Hisably\\Backend\\node_modules\\router\\index.js:291:5)\n    at Function.handle (C:\\Users\\Bijesh\\Desktop\\Hisably\\Backend\\node_modules\\router\\index.js:186:3)\n    at router (C:\\Users\\Bijesh\\Desktop\\Hisably\\Backend\\node_modules\\router\\index.js:60:12)\n    at Layer.handleRequest (C:\\Users\\Bijesh\\Desktop\\Hisably\\Backend\\node_modules\\router\\lib\\layer.js:152:17)\n    at trimPrefix (C:\\Users\\Bijesh\\Desktop\\Hisably\\Backend\\node_modules\\router\\index.js:342:13)","statusCode":401,"timestamp":"2026-09-02T14:22:49.158Z","url":"/api/v1/products?limit=100"}
{"ip":"::1","level":"error","message":"Invalid or expired token","method":"POST","service":"hisably-api","stack":"Error: Invalid or expired token\n    at authenticate (C:\\Users\\Bijesh\\Desktop\\Hisably\\Backend\\src\\middlewares\\auth.middleware.js:19:10)\n    at Layer.handleRequest (C:\\Users\\Bijesh\\Desktop\\Hisably\\Backend\\node_modules\\router\\lib\\layer.js:152:17)\n    at trimPrefix (C:\\Users\\Bijesh\\Desktop\\Hisably\\Backend\\node_modules\\router\\index.js:342:13)\n    at C:\\Users\\Bijesh\\Desktop\\Hisably\\Backend\\node_modules\\router\\index.js:297:9\n    at processParams (C:\\Users\\Bijesh\\Desktop\\Hisably\\Backend\\node_modules\\router\\index.js:582:12)\n    at next (C:\\Users\\Bijesh\\Desktop\\Hisably\\Backend\\node_modules\\router\\index.js:291:5)\n    at Function.handle (C:\\Users\\Bijesh\\Desktop\\Hisably\\Backend\\node_modules\\router\\index.js:186:3)\n    at router (C:\\Users\\Bijesh\\Desktop\\Hisably\\Backend\\node_modules\\router\\index.js:60:12)\n    at Layer.handleRequest (C:\\Users\\Bijesh\\Desktop\\Hisably\\Backend\\node_modules\\router\\lib\\layer.js:152:17)\n    at trimPrefix (C:\\Users\\Bijesh\\Desktop\\Hisably\\Backend\\node_modules\\router\\index.js:342:13)","statusCode":401,"timestamp":"2026-09-02T14:23:01.095Z","url":"/api/v1/sales"}
{"ip":"::1","level":"error","message":"Invalid or expired token","method":"GET","service":"hisably-api","stack":"Error: Invalid or expired token\n    at authenticate (C:\\Users\\Bijesh\\Desktop\\Hisably\\Backend\\src\\middlewares\\auth.middleware.js:19:10)\n    at Layer.handleRequest (C:\\Users\\Bijesh\\Desktop\\Hisably\\Backend\\node_modules\\router\\lib\\layer.js:152:17)\n    at trimPrefix (C:\\Users\\Bijesh\\Desktop\\Hisably\\Backend\\node_modules\\router\\index.js:342:13)\n    at C:\\Users\\Bijesh\\Desktop\\Hisably\\Backend\\node_modules\\router\\index.js:297:9\n    at processParams (C:\\Users\\Bijesh\\Desktop\\Hisably\\Backend\\node_modules\\router\\index.js:582:12)\n    at next (C:\\Users\\Bijesh\\Desktop\\Hisably\\Backend\\node_modules\\router\\index.js:291:5)\n    at Function.handle (C:\\Users\\Bijesh\\Desktop\\Hisably\\Backend\\node_modules\\router\\index.js:186:3)\n    at router (C:\\Users\\Bijesh\\Desktop\\Hisably\\Backend\\node_modules\\router\\index.js:60:12)\n    at Layer.handleRequest (C:\\Users\\Bijesh\\Desktop\\Hisably\\Backend\\node_modules\\router\\lib\\layer.js:152:17)\n    at trimPrefix (C:\\Users\\Bijesh\\Desktop\\Hisably\\Backend\\node_modules\\router\\index.js:342:13)","statusCode":401,"timestamp":"2026-09-02T14:23:37.421Z","url":"/api/v1/products"}
{"ip":"::1","level":"error","message":"Invalid or expired token","method":"GET","service":"hisably-api","stack":"Error: Invalid or expired token\n    at authenticate (C:\\Users\\Bijesh\\Desktop\\Hisably\\Backend\\src\\middlewares\\auth.middleware.js:19:10)\n    at Layer.handleRequest (C:\\Users\\Bijesh\\Desktop\\Hisably\\Backend\\node_modules\\router\\lib\\layer.js:152:17)\n    at trimPrefix (C:\\Users\\Bijesh\\Desktop\\Hisably\\Backend\\node_modules\\router\\index.js:342:13)\n    at C:\\Users\\Bijesh\\Desktop\\Hisably\\Backend\\node_modules\\router\\index.js:297:9\n    at processParams (C:\\Users\\Bijesh\\Desktop\\Hisably\\Backend\\node_modules\\router\\index.js:582:12)\n    at next (C:\\Users\\Bijesh\\Desktop\\Hisably\\Backend\\node_modules\\router\\index.js:291:5)\n    at Function.handle (C:\\Users\\Bijesh\\Desktop\\Hisably\\Backend\\node_modules\\router\\index.js:186:3)\n    at router (C:\\Users\\Bijesh\\Desktop\\Hisably\\Backend\\node_modules\\router\\index.js:60:12)\n    at Layer.handleRequest (C:\\Users\\Bijesh\\Desktop\\Hisably\\Backend\\node_modules\\router\\lib\\layer.js:152:17)\n    at trimPrefix (C:\\Users\\Bijesh\\Desktop\\Hisably\\Backend\\node_modules\\router\\index.js:342:13)","statusCode":401,"timestamp":"2026-09-02T14:24:03.578Z","url":"/api/v1/inventory"}
{"ip":"::1","level":"error","message":"Invalid or expired token","method":"GET","service":"hisably-api","stack":"Error: Invalid or expired token\n    at authenticate (C:\\Users\\Bijesh\\Desktop\\Hisably\\Backend\\src\\middlewares\\auth.middleware.js:19:10)\n    at Layer.handleRequest (C:\\Users\\Bijesh\\Desktop\\Hisably\\Backend\\node_modules\\router\\lib\\layer.js:152:17)\n    at trimPrefix (C:\\Users\\Bijesh\\Desktop\\Hisably\\Backend\\node_modules\\router\\index.js:342:13)\n    at C:\\Users\\Bijesh\\Desktop\\Hisably\\Backend\\node_modules\\router\\index.js:297:9\n    at processParams (C:\\Users\\Bijesh\\Desktop\\Hisably\\Backend\\node_modules\\router\\index.js:582:12)\n    at next (C:\\Users\\Bijesh\\Desktop\\Hisably\\Backend\\node_modules\\router\\index.js:291:5)\n    at Function.handle (C:\\Users\\Bijesh\\Desktop\\Hisably\\Backend\\node_modules\\router\\index.js:186:3)\n    at router (C:\\Users\\Bijesh\\Desktop\\Hisably\\Backend\\node_modules\\router\\index.js:60:12)\n    at Layer.handleRequest (C:\\Users\\Bijesh\\Desktop\\Hisably\\Backend\\node_modules\\router\\lib\\layer.js:152:17)\n    at trimPrefix (C:\\Users\\Bijesh\\Desktop\\Hisably\\Backend\\node_modules\\router\\index.js:342:13)","statusCode":401,"timestamp":"2026-09-02T14:24:17.981Z","url":"/api/v1/stock-transfers"}
{"ip":"::1","level":"error","message":"Invalid or expired token","method":"GET","service":"hisably-api","stack":"Error: Invalid or expired token\n    at authenticate (C:\\Users\\Bijesh\\Desktop\\Hisably\\Backend\\src\\middlewares\\auth.middleware.js:19:10)\n    at Layer.handleRequest (C:\\Users\\Bijesh\\Desktop\\Hisably\\Backend\\node_modules\\router\\lib\\layer.js:152:17)\n    at trimPrefix (C:\\Users\\Bijesh\\Desktop\\Hisably\\Backend\\node_modules\\router\\index.js:342:13)\n    at C:\\Users\\Bijesh\\Desktop\\Hisably\\Backend\\node_modules\\router\\index.js:297:9\n    at processParams (C:\\Users\\Bijesh\\Desktop\\Hisably\\Backend\\node_modules\\router\\index.js:582:12)\n    at next (C:\\Users\\Bijesh\\Desktop\\Hisably\\Backend\\node_modules\\router\\index.js:291:5)\n    at Function.handle (C:\\Users\\Bijesh\\Desktop\\Hisably\\Backend\\node_modules\\router\\index.js:186:3)\n    at router (C:\\Users\\Bijesh\\Desktop\\Hisably\\Backend\\node_modules\\router\\index.js:60:12)\n    at Layer.handleRequest (C:\\Users\\Bijesh\\Desktop\\Hisably\\Backend\\node_modules\\router\\lib\\layer.js:152:17)\n    at trimPrefix (C:\\Users\\Bijesh\\Desktop\\Hisably\\Backend\\node_modules\\router\\index.js:342:13)","statusCode":401,"timestamp":"2026-09-02T14:24:25.242Z","url":"/api/v1/inventory"}
{"ip":"::1","level":"error","message":"Invalid or expired token","method":"GET","service":"hisably-api","stack":"Error: Invalid or expired token\n    at authenticate (C:\\Users\\Bijesh\\Desktop\\Hisably\\Backend\\src\\middlewares\\auth.middleware.js:19:10)\n    at Layer.handleRequest (C:\\Users\\Bijesh\\Desktop\\Hisably\\Backend\\node_modules\\router\\lib\\layer.js:152:17)\n    at trimPrefix (C:\\Users\\Bijesh\\Desktop\\Hisably\\Backend\\node_modules\\router\\index.js:342:13)\n    at C:\\Users\\Bijesh\\Desktop\\Hisably\\Backend\\node_modules\\router\\index.js:297:9\n    at processParams (C:\\Users\\Bijesh\\Desktop\\Hisably\\Backend\\node_modules\\router\\index.js:582:12)\n    at next (C:\\Users\\Bijesh\\Desktop\\Hisably\\Backend\\node_modules\\router\\index.js:291:5)\n    at Function.handle (C:\\Users\\Bijesh\\Desktop\\Hisably\\Backend\\node_modules\\router\\index.js:186:3)\n    at router (C:\\Users\\Bijesh\\Desktop\\Hisably\\Backend\\node_modules\\router\\index.js:60:12)\n    at Layer.handleRequest (C:\\Users\\Bijesh\\Desktop\\Hisably\\Backend\\node_modules\\router\\lib\\layer.js:152:17)\n    at trimPrefix (C:\\Users\\Bijesh\\Desktop\\Hisably\\Backend\\node_modules\\router\\index.js:342:13)","statusCode":401,"timestamp":"2026-09-02T14:24:39.148Z","url":"/api/v1/stock-transfers"}
{"ip":"::1","level":"error","message":"Invalid or expired token","method":"GET","service":"hisably-api","stack":"Error: Invalid or expired token\n    at authenticate (C:\\Users\\Bijesh\\Desktop\\Hisably\\Backend\\src\\middlewares\\auth.middleware.js:19:10)\n    at Layer.handleRequest (C:\\Users\\Bijesh\\Desktop\\Hisably\\Backend\\node_modules\\router\\lib\\layer.js:152:17)\n    at trimPrefix (C:\\Users\\Bijesh\\Desktop\\Hisably\\Backend\\node_modules\\router\\index.js:342:13)\n    at C:\\Users\\Bijesh\\Desktop\\Hisably\\Backend\\node_modules\\router\\index.js:297:9\n    at processParams (C:\\Users\\Bijesh\\Desktop\\Hisably\\Backend\\node_modules\\router\\index.js:582:12)\n    at next (C:\\Users\\Bijesh\\Desktop\\Hisably\\Backend\\node_modules\\router\\index.js:291:5)\n    at Function.handle (C:\\Users\\Bijesh\\Desktop\\Hisably\\Backend\\node_modules\\router\\index.js:186:3)\n    at router (C:\\Users\\Bijesh\\Desktop\\Hisably\\Backend\\node_modules\\router\\index.js:60:12)\n    at Layer.handleRequest (C:\\Users\\Bijesh\\Desktop\\Hisably\\Backend\\node_modules\\router\\lib\\layer.js:152:17)\n    at trimPrefix (C:\\Users\\Bijesh\\Desktop\\Hisably\\Backend\\node_modules\\router\\index.js:342:13)","statusCode":401,"timestamp":"2026-09-02T14:24:51.733Z","url":"/api/v1/warehouses"}
{"ip":"::1","level":"error","message":"Invalid or expired token","method":"GET","service":"hisably-api","stack":"Error: Invalid or expired token\n    at authenticate (C:\\Users\\Bijesh\\Desktop\\Hisably\\Backend\\src\\middlewares\\auth.middleware.js:19:10)\n    at Layer.handleRequest (C:\\Users\\Bijesh\\Desktop\\Hisably\\Backend\\node_modules\\router\\lib\\layer.js:152:17)\n    at trimPrefix (C:\\Users\\Bijesh\\Desktop\\Hisably\\Backend\\node_modules\\router\\index.js:342:13)\n    at C:\\Users\\Bijesh\\Desktop\\Hisably\\Backend\\node_modules\\router\\index.js:297:9\n    at processParams (C:\\Users\\Bijesh\\Desktop\\Hisably\\Backend\\node_modules\\router\\index.js:582:12)\n    at next (C:\\Users\\Bijesh\\Desktop\\Hisably\\Backend\\node_modules\\router\\index.js:291:5)\n    at Function.handle (C:\\Users\\Bijesh\\Desktop\\Hisably\\Backend\\node_modules\\router\\index.js:186:3)\n    at router (C:\\Users\\Bijesh\\Desktop\\Hisably\\Backend\\node_modules\\router\\index.js:60:12)\n    at Layer.handleRequest (C:\\Users\\Bijesh\\Desktop\\Hisably\\Backend\\node_modules\\router\\lib\\layer.js:152:17)\n    at trimPrefix (C:\\Users\\Bijesh\\Desktop\\Hisably\\Backend\\node_modules\\router\\index.js:342:13)","statusCode":401,"timestamp":"2026-09-02T14:25:05.297Z","url":"/api/v1/sales"}
{"ip":"::1","level":"error","message":"Invalid or expired token","method":"GET","service":"hisably-api","stack":"Error: Invalid or expired token\n    at authenticate (C:\\Users\\Bijesh\\Desktop\\Hisably\\Backend\\src\\middlewares\\auth.middleware.js:19:10)\n    at Layer.handleRequest (C:\\Users\\Bijesh\\Desktop\\Hisably\\Backend\\node_modules\\router\\lib\\layer.js:152:17)\n    at trimPrefix (C:\\Users\\Bijesh\\Desktop\\Hisably\\Backend\\node_modules\\router\\index.js:342:13)\n    at C:\\Users\\Bijesh\\Desktop\\Hisably\\Backend\\node_modules\\router\\index.js:297:9\n    at processParams (C:\\Users\\Bijesh\\Desktop\\Hisably\\Backend\\node_modules\\router\\index.js:582:12)\n    at next (C:\\Users\\Bijesh\\Desktop\\Hisably\\Backend\\node_modules\\router\\index.js:291:5)\n    at Function.handle (C:\\Users\\Bijesh\\Desktop\\Hisably\\Backend\\node_modules\\router\\index.js:186:3)\n    at router (C:\\Users\\Bijesh\\Desktop\\Hisably\\Backend\\node_modules\\router\\index.js:60:12)\n    at Layer.handleRequest (C:\\Users\\Bijesh\\Desktop\\Hisably\\Backend\\node_modules\\router\\lib\\layer.js:152:17)\n    at trimPrefix (C:\\Users\\Bijesh\\Desktop\\Hisably\\Backend\\node_modules\\router\\index.js:342:13)","statusCode":401,"timestamp":"2026-09-02T14:25:23.097Z","url":"/api/v1/sale-returns"}
{"ip":"::1","level":"error","message":"Invalid or expired token","method":"GET","service":"hisably-api","stack":"Error: Invalid or expired token\n    at authenticate (C:\\Users\\Bijesh\\Desktop\\Hisably\\Backend\\src\\middlewares\\auth.middleware.js:19:10)\n    at Layer.handleRequest (C:\\Users\\Bijesh\\Desktop\\Hisably\\Backend\\node_modules\\router\\lib\\layer.js:152:17)\n    at trimPrefix (C:\\Users\\Bijesh\\Desktop\\Hisably\\Backend\\node_modules\\router\\index.js:342:13)\n    at C:\\Users\\Bijesh\\Desktop\\Hisably\\Backend\\node_modules\\router\\index.js:297:9\n    at processParams (C:\\Users\\Bijesh\\Desktop\\Hisably\\Backend\\node_modules\\router\\index.js:582:12)\n    at next (C:\\Users\\Bijesh\\Desktop\\Hisably\\Backend\\node_modules\\router\\index.js:291:5)\n    at Function.handle (C:\\Users\\Bijesh\\Desktop\\Hisably\\Backend\\node_modules\\router\\index.js:186:3)\n    at router (C:\\Users\\Bijesh\\Desktop\\Hisably\\Backend\\node_modules\\router\\index.js:60:12)\n    at Layer.handleRequest (C:\\Users\\Bijesh\\Desktop\\Hisably\\Backend\\node_modules\\router\\lib\\layer.js:152:17)\n    at trimPrefix (C:\\Users\\Bijesh\\Desktop\\Hisably\\Backend\\node_modules\\router\\index.js:342:13)","statusCode":401,"timestamp":"2026-09-02T14:25:25.360Z","url":"/api/v1/purchases"}
{"ip":"::1","level":"error","message":"Invalid or expired token","method":"GET","service":"hisably-api","stack":"Error: Invalid or expired token\n    at authenticate (C:\\Users\\Bijesh\\Desktop\\Hisably\\Backend\\src\\middlewares\\auth.middleware.js:19:10)\n    at Layer.handleRequest (C:\\Users\\Bijesh\\Desktop\\Hisably\\Backend\\node_modules\\router\\lib\\layer.js:152:17)\n    at trimPrefix (C:\\Users\\Bijesh\\Desktop\\Hisably\\Backend\\node_modules\\router\\index.js:342:13)\n    at C:\\Users\\Bijesh\\Desktop\\Hisably\\Backend\\node_modules\\router\\index.js:297:9\n    at processParams (C:\\Users\\Bijesh\\Desktop\\Hisably\\Backend\\node_modules\\router\\index.js:582:12)\n    at next (C:\\Users\\Bijesh\\Desktop\\Hisably\\Backend\\node_modules\\router\\index.js:291:5)\n    at Function.handle (C:\\Users\\Bijesh\\Desktop\\Hisably\\Backend\\node_modules\\router\\index.js:186:3)\n    at router (C:\\Users\\Bijesh\\Desktop\\Hisably\\Backend\\node_modules\\router\\index.js:60:12)\n    at Layer.handleRequest (C:\\Users\\Bijesh\\Desktop\\Hisably\\Backend\\node_modules\\router\\lib\\layer.js:152:17)\n    at trimPrefix (C:\\Users\\Bijesh\\Desktop\\Hisably\\Backend\\node_modules\\router\\index.js:342:13)","statusCode":401,"timestamp":"2026-09-02T14:25:26.284Z","url":"/api/v1/purchase-returns"}
{"ip":"::1","level":"error","message":"Invalid or expired token","method":"GET","service":"hisably-api","stack":"Error: Invalid or expired token\n    at authenticate (C:\\Users\\Bijesh\\Desktop\\Hisably\\Backend\\src\\middlewares\\auth.middleware.js:19:10)\n    at Layer.handleRequest (C:\\Users\\Bijesh\\Desktop\\Hisably\\Backend\\node_modules\\router\\lib\\layer.js:152:17)\n    at trimPrefix (C:\\Users\\Bijesh\\Desktop\\Hisably\\Backend\\node_modules\\router\\index.js:342:13)\n    at C:\\Users\\Bijesh\\Desktop\\Hisably\\Backend\\node_modules\\router\\index.js:297:9\n    at processParams (C:\\Users\\Bijesh\\Desktop\\Hisably\\Backend\\node_modules\\router\\index.js:582:12)\n    at next (C:\\Users\\Bijesh\\Desktop\\Hisably\\Backend\\node_modules\\router\\index.js:291:5)\n    at Function.handle (C:\\Users\\Bijesh\\Desktop\\Hisably\\Backend\\node_modules\\router\\index.js:186:3)\n    at router (C:\\Users\\Bijesh\\Desktop\\Hisably\\Backend\\node_modules\\router\\index.js:60:12)\n    at Layer.handleRequest (C:\\Users\\Bijesh\\Desktop\\Hisably\\Backend\\node_modules\\router\\lib\\layer.js:152:17)\n    at trimPrefix (C:\\Users\\Bijesh\\Desktop\\Hisably\\Backend\\node_modules\\router\\index.js:342:13)","statusCode":401,"timestamp":"2026-09-02T14:25:27.141Z","url":"/api/v1/customers"}
{"ip":"::1","level":"error","message":"Invalid or expired token","method":"GET","service":"hisably-api","stack":"Error: Invalid or expired token\n    at authenticate (C:\\Users\\Bijesh\\Desktop\\Hisably\\Backend\\src\\middlewares\\auth.middleware.js:19:10)\n    at Layer.handleRequest (C:\\Users\\Bijesh\\Desktop\\Hisably\\Backend\\node_modules\\router\\lib\\layer.js:152:17)\n    at trimPrefix (C:\\Users\\Bijesh\\Desktop\\Hisably\\Backend\\node_modules\\router\\index.js:342:13)\n    at C:\\Users\\Bijesh\\Desktop\\Hisably\\Backend\\node_modules\\router\\index.js:297:9\n    at processParams (C:\\Users\\Bijesh\\Desktop\\Hisably\\Backend\\node_modules\\router\\index.js:582:12)\n    at next (C:\\Users\\Bijesh\\Desktop\\Hisably\\Backend\\node_modules\\router\\index.js:291:5)\n    at Function.handle (C:\\Users\\Bijesh\\Desktop\\Hisably\\Backend\\node_modules\\router\\index.js:186:3)\n    at router (C:\\Users\\Bijesh\\Desktop\\Hisably\\Backend\\node_modules\\router\\index.js:60:12)\n    at Layer.handleRequest (C:\\Users\\Bijesh\\Desktop\\Hisably\\Backend\\node_modules\\router\\lib\\layer.js:152:17)\n    at trimPrefix (C:\\Users\\Bijesh\\Desktop\\Hisably\\Backend\\node_modules\\router\\index.js:342:13)","statusCode":401,"timestamp":"2026-09-02T14:25:28.112Z","url":"/api/v1/suppliers"}
{"ip":"::1","level":"error","message":"Invalid or expired token","method":"GET","service":"hisably-api","stack":"Error: Invalid or expired token\n    at authenticate (C:\\Users\\Bijesh\\Desktop\\Hisably\\Backend\\src\\middlewares\\auth.middleware.js:19:10)\n    at Layer.handleRequest (C:\\Users\\Bijesh\\Desktop\\Hisably\\Backend\\node_modules\\router\\lib\\layer.js:152:17)\n    at trimPrefix (C:\\Users\\Bijesh\\Desktop\\Hisably\\Backend\\node_modules\\router\\index.js:342:13)\n    at C:\\Users\\Bijesh\\Desktop\\Hisably\\Backend\\node_modules\\router\\index.js:297:9\n    at processParams (C:\\Users\\Bijesh\\Desktop\\Hisably\\Backend\\node_modules\\router\\index.js:582:12)\n    at next (C:\\Users\\Bijesh\\Desktop\\Hisably\\Backend\\node_modules\\router\\index.js:291:5)\n    at Function.handle (C:\\Users\\Bijesh\\Desktop\\Hisably\\Backend\\node_modules\\router\\index.js:186:3)\n    at router (C:\\Users\\Bijesh\\Desktop\\Hisably\\Backend\\node_modules\\router\\index.js:60:12)\n    at Layer.handleRequest (C:\\Users\\Bijesh\\Desktop\\Hisably\\Backend\\node_modules\\router\\lib\\layer.js:152:17)\n    at trimPrefix (C:\\Users\\Bijesh\\Desktop\\Hisably\\Backend\\node_modules\\router\\index.js:342:13)","statusCode":401,"timestamp":"2026-09-02T14:25:29.635Z","url":"/api/v1/expenses"}
{"ip":"::1","level":"error","message":"Invalid or expired token","method":"GET","service":"hisably-api","stack":"Error: Invalid or expired token\n    at authenticate (C:\\Users\\Bijesh\\Desktop\\Hisably\\Backend\\src\\middlewares\\auth.middleware.js:19:10)\n    at Layer.handleRequest (C:\\Users\\Bijesh\\Desktop\\Hisably\\Backend\\node_modules\\router\\lib\\layer.js:152:17)\n    at trimPrefix (C:\\Users\\Bijesh\\Desktop\\Hisably\\Backend\\node_modules\\router\\index.js:342:13)\n    at C:\\Users\\Bijesh\\Desktop\\Hisably\\Backend\\node_modules\\router\\index.js:297:9\n    at processParams (C:\\Users\\Bijesh\\Desktop\\Hisably\\Backend\\node_modules\\router\\index.js:582:12)\n    at next (C:\\Users\\Bijesh\\Desktop\\Hisably\\Backend\\node_modules\\router\\index.js:291:5)\n    at Function.handle (C:\\Users\\Bijesh\\Desktop\\Hisably\\Backend\\node_modules\\router\\index.js:186:3)\n    at router (C:\\Users\\Bijesh\\Desktop\\Hisably\\Backend\\node_modules\\router\\index.js:60:12)\n    at Layer.handleRequest (C:\\Users\\Bijesh\\Desktop\\Hisably\\Backend\\node_modules\\router\\lib\\layer.js:152:17)\n    at trimPrefix (C:\\Users\\Bijesh\\Desktop\\Hisably\\Backend\\node_modules\\router\\index.js:342:13)","statusCode":401,"timestamp":"2026-09-02T14:25:48.111Z","url":"/api/v1/reconciliation/qr"}
{"ip":"::1","level":"error","message":"Invalid or expired token","method":"GET","service":"hisably-api","stack":"Error: Invalid or expired token\n    at authenticate (C:\\Users\\Bijesh\\Desktop\\Hisably\\Backend\\src\\middlewares\\auth.middleware.js:19:10)\n    at Layer.handleRequest (C:\\Users\\Bijesh\\Desktop\\Hisably\\Backend\\node_modules\\router\\lib\\layer.js:152:17)\n    at trimPrefix (C:\\Users\\Bijesh\\Desktop\\Hisably\\Backend\\node_modules\\router\\index.js:342:13)\n    at C:\\Users\\Bijesh\\Desktop\\Hisably\\Backend\\node_modules\\router\\index.js:297:9\n    at processParams (C:\\Users\\Bijesh\\Desktop\\Hisably\\Backend\\node_modules\\router\\index.js:582:12)\n    at next (C:\\Users\\Bijesh\\Desktop\\Hisably\\Backend\\node_modules\\router\\index.js:291:5)\n    at Function.handle (C:\\Users\\Bijesh\\Desktop\\Hisably\\Backend\\node_modules\\router\\index.js:186:3)\n    at router (C:\\Users\\Bijesh\\Desktop\\Hisably\\Backend\\node_modules\\router\\index.js:60:12)\n    at Layer.handleRequest (C:\\Users\\Bijesh\\Desktop\\Hisably\\Backend\\node_modules\\router\\lib\\layer.js:152:17)\n    at trimPrefix (C:\\Users\\Bijesh\\Desktop\\Hisably\\Backend\\node_modules\\router\\index.js:342:13)","statusCode":401,"timestamp":"2026-09-02T14:25:48.118Z","url":"/api/v1/reconciliation/qr"}
{"ip":"::1","level":"error","message":"Invalid or expired token","method":"GET","service":"hisably-api","stack":"Error: Invalid or expired token\n    at authenticate (C:\\Users\\Bijesh\\Desktop\\Hisably\\Backend\\src\\middlewares\\auth.middleware.js:19:10)\n    at Layer.handleRequest (C:\\Users\\Bijesh\\Desktop\\Hisably\\Backend\\node_modules\\router\\lib\\layer.js:152:17)\n    at trimPrefix (C:\\Users\\Bijesh\\Desktop\\Hisably\\Backend\\node_modules\\router\\index.js:342:13)\n    at C:\\Users\\Bijesh\\Desktop\\Hisably\\Backend\\node_modules\\router\\index.js:297:9\n    at processParams (C:\\Users\\Bijesh\\Desktop\\Hisably\\Backend\\node_modules\\router\\index.js:582:12)\n    at next (C:\\Users\\Bijesh\\Desktop\\Hisably\\Backend\\node_modules\\router\\index.js:291:5)\n    at Function.handle (C:\\Users\\Bijesh\\Desktop\\Hisably\\Backend\\node_modules\\router\\index.js:186:3)\n    at router (C:\\Users\\Bijesh\\Desktop\\Hisably\\Backend\\node_modules\\router\\index.js:60:12)\n    at Layer.handleRequest (C:\\Users\\Bijesh\\Desktop\\Hisably\\Backend\\node_modules\\router\\lib\\layer.js:152:17)\n    at trimPrefix (C:\\Users\\Bijesh\\Desktop\\Hisably\\Backend\\node_modules\\router\\index.js:342:13)","statusCode":401,"timestamp":"2026-09-02T14:26:05.450Z","url":"/api/v1/payments"}
{"ip":"::1","level":"error","message":"Invalid or expired token","method":"POST","service":"hisably-api","stack":"Error: Invalid or expired token\n    at authenticate (C:\\Users\\Bijesh\\Desktop\\Hisably\\Backend\\src\\middlewares\\auth.middleware.js:19:10)\n    at Layer.handleRequest (C:\\Users\\Bijesh\\Desktop\\Hisably\\Backend\\node_modules\\router\\lib\\layer.js:152:17)\n    at next (C:\\Users\\Bijesh\\Desktop\\Hisably\\Backend\\node_modules\\router\\lib\\route.js:157:13)\n    at Route.dispatch (C:\\Users\\Bijesh\\Desktop\\Hisably\\Backend\\node_modules\\router\\lib\\route.js:117:3)\n    at handle (C:\\Users\\Bijesh\\Desktop\\Hisably\\Backend\\node_modules\\router\\index.js:435:11)\n    at Layer.handleRequest (C:\\Users\\Bijesh\\Desktop\\Hisably\\Backend\\node_modules\\router\\lib\\layer.js:152:17)\n    at C:\\Users\\Bijesh\\Desktop\\Hisably\\Backend\\node_modules\\router\\index.js:295:15\n    at processParams (C:\\Users\\Bijesh\\Desktop\\Hisably\\Backend\\node_modules\\router\\index.js:582:12)\n    at next (C:\\Users\\Bijesh\\Desktop\\Hisably\\Backend\\node_modules\\router\\index.js:291:5)\n    at Function.handle (C:\\Users\\Bijesh\\Desktop\\Hisably\\Backend\\node_modules\\router\\index.js:186:3)","statusCode":401,"timestamp":"2026-09-02T14:26:37.741Z","url":"/api/v1/auth/logout"}
{"ip":"::1","level":"error","message":"Invalid or expired token","method":"GET","service":"hisably-api","stack":"Error: Invalid or expired token\n    at authenticate (C:\\Users\\Bijesh\\Desktop\\Hisably\\Backend\\src\\middlewares\\auth.middleware.js:19:10)\n    at Layer.handleRequest (C:\\Users\\Bijesh\\Desktop\\Hisably\\Backend\\node_modules\\router\\lib\\layer.js:152:17)\n    at trimPrefix (C:\\Users\\Bijesh\\Desktop\\Hisably\\Backend\\node_modules\\router\\index.js:342:13)\n    at C:\\Users\\Bijesh\\Desktop\\Hisably\\Backend\\node_modules\\router\\index.js:297:9\n    at processParams (C:\\Users\\Bijesh\\Desktop\\Hisably\\Backend\\node_modules\\router\\index.js:582:12)\n    at next (C:\\Users\\Bijesh\\Desktop\\Hisably\\Backend\\node_modules\\router\\index.js:291:5)\n    at Function.handle (C:\\Users\\Bijesh\\Desktop\\Hisably\\Backend\\node_modules\\router\\index.js:186:3)\n    at router (C:\\Users\\Bijesh\\Desktop\\Hisably\\Backend\\node_modules\\router\\index.js:60:12)\n    at Layer.handleRequest (C:\\Users\\Bijesh\\Desktop\\Hisably\\Backend\\node_modules\\router\\lib\\layer.js:152:17)\n    at trimPrefix (C:\\Users\\Bijesh\\Desktop\\Hisably\\Backend\\node_modules\\router\\index.js:342:13)","statusCode":401,"timestamp":"2026-09-02T14:26:43.205Z","url":"/api/v1/expenses"}
{"ip":"::1","level":"error","message":"Invalid or expired token","method":"GET","service":"hisably-api","stack":"Error: Invalid or expired token\n    at authenticate (C:\\Users\\Bijesh\\Desktop\\Hisably\\Backend\\src\\middlewares\\auth.middleware.js:19:10)\n    at Layer.handleRequest (C:\\Users\\Bijesh\\Desktop\\Hisably\\Backend\\node_modules\\router\\lib\\layer.js:152:17)\n    at trimPrefix (C:\\Users\\Bijesh\\Desktop\\Hisably\\Backend\\node_modules\\router\\index.js:342:13)\n    at C:\\Users\\Bijesh\\Desktop\\Hisably\\Backend\\node_modules\\router\\index.js:297:9\n    at processParams (C:\\Users\\Bijesh\\Desktop\\Hisably\\Backend\\node_modules\\router\\index.js:582:12)\n    at next (C:\\Users\\Bijesh\\Desktop\\Hisably\\Backend\\node_modules\\router\\index.js:291:5)\n    at Function.handle (C:\\Users\\Bijesh\\Desktop\\Hisably\\Backend\\node_modules\\router\\index.js:186:3)\n    at router (C:\\Users\\Bijesh\\Desktop\\Hisably\\Backend\\node_modules\\router\\index.js:60:12)\n    at Layer.handleRequest (C:\\Users\\Bijesh\\Desktop\\Hisably\\Backend\\node_modules\\router\\lib\\layer.js:152:17)\n    at trimPrefix (C:\\Users\\Bijesh\\Desktop\\Hisably\\Backend\\node_modules\\router\\index.js:342:13)","statusCode":401,"timestamp":"2026-09-02T14:26:46.409Z","url":"/api/v1/purchases"}
{"ip":"::1","level":"error","message":"Invalid or expired token","method":"GET","service":"hisably-api","stack":"Error: Invalid or expired token\n    at authenticate (C:\\Users\\Bijesh\\Desktop\\Hisably\\Backend\\src\\middlewares\\auth.middleware.js:19:10)\n    at Layer.handleRequest (C:\\Users\\Bijesh\\Desktop\\Hisably\\Backend\\node_modules\\router\\lib\\layer.js:152:17)\n    at trimPrefix (C:\\Users\\Bijesh\\Desktop\\Hisably\\Backend\\node_modules\\router\\index.js:342:13)\n    at C:\\Users\\Bijesh\\Desktop\\Hisably\\Backend\\node_modules\\router\\index.js:297:9\n    at processParams (C:\\Users\\Bijesh\\Desktop\\Hisably\\Backend\\node_modules\\router\\index.js:582:12)\n    at next (C:\\Users\\Bijesh\\Desktop\\Hisably\\Backend\\node_modules\\router\\index.js:291:5)\n    at Function.handle (C:\\Users\\Bijesh\\Desktop\\Hisably\\Backend\\node_modules\\router\\index.js:186:3)\n    at router (C:\\Users\\Bijesh\\Desktop\\Hisably\\Backend\\node_modules\\router\\index.js:60:12)\n    at Layer.handleRequest (C:\\Users\\Bijesh\\Desktop\\Hisably\\Backend\\node_modules\\router\\lib\\layer.js:152:17)\n    at trimPrefix (C:\\Users\\Bijesh\\Desktop\\Hisably\\Backend\\node_modules\\router\\index.js:342:13)","statusCode":401,"timestamp":"2026-09-02T14:26:48.052Z","url":"/api/v1/suppliers"}
{"ip":"::1","level":"error","message":"Invalid or expired token","method":"GET","service":"hisably-api","stack":"Error: Invalid or expired token\n    at authenticate (C:\\Users\\Bijesh\\Desktop\\Hisably\\Backend\\src\\middlewares\\auth.middleware.js:19:10)\n    at Layer.handleRequest (C:\\Users\\Bijesh\\Desktop\\Hisably\\Backend\\node_modules\\router\\lib\\layer.js:152:17)\n    at trimPrefix (C:\\Users\\Bijesh\\Desktop\\Hisably\\Backend\\node_modules\\router\\index.js:342:13)\n    at C:\\Users\\Bijesh\\Desktop\\Hisably\\Backend\\node_modules\\router\\index.js:297:9\n    at processParams (C:\\Users\\Bijesh\\Desktop\\Hisably\\Backend\\node_modules\\router\\index.js:582:12)\n    at next (C:\\Users\\Bijesh\\Desktop\\Hisably\\Backend\\node_modules\\router\\index.js:291:5)\n    at Function.handle (C:\\Users\\Bijesh\\Desktop\\Hisably\\Backend\\node_modules\\router\\index.js:186:3)\n    at router (C:\\Users\\Bijesh\\Desktop\\Hisably\\Backend\\node_modules\\router\\index.js:60:12)\n    at Layer.handleRequest (C:\\Users\\Bijesh\\Desktop\\Hisably\\Backend\\node_modules\\router\\lib\\layer.js:152:17)\n    at trimPrefix (C:\\Users\\Bijesh\\Desktop\\Hisably\\Backend\\node_modules\\router\\index.js:342:13)","statusCode":401,"timestamp":"2026-09-02T14:26:49.430Z","url":"/api/v1/expenses"}
{"ip":"::1","level":"error","message":"Invalid or expired token","method":"POST","service":"hisably-api","stack":"Error: Invalid or expired token\n    at authenticate (C:\\Users\\Bijesh\\Desktop\\Hisably\\Backend\\src\\middlewares\\auth.middleware.js:19:10)\n    at Layer.handleRequest (C:\\Users\\Bijesh\\Desktop\\Hisably\\Backend\\node_modules\\router\\lib\\layer.js:152:17)\n    at next (C:\\Users\\Bijesh\\Desktop\\Hisably\\Backend\\node_modules\\router\\lib\\route.js:157:13)\n    at Route.dispatch (C:\\Users\\Bijesh\\Desktop\\Hisably\\Backend\\node_modules\\router\\lib\\route.js:117:3)\n    at handle (C:\\Users\\Bijesh\\Desktop\\Hisably\\Backend\\node_modules\\router\\index.js:435:11)\n    at Layer.handleRequest (C:\\Users\\Bijesh\\Desktop\\Hisably\\Backend\\node_modules\\router\\lib\\layer.js:152:17)\n    at C:\\Users\\Bijesh\\Desktop\\Hisably\\Backend\\node_modules\\router\\index.js:295:15\n    at processParams (C:\\Users\\Bijesh\\Desktop\\Hisably\\Backend\\node_modules\\router\\index.js:582:12)\n    at next (C:\\Users\\Bijesh\\Desktop\\Hisably\\Backend\\node_modules\\router\\index.js:291:5)\n    at Function.handle (C:\\Users\\Bijesh\\Desktop\\Hisably\\Backend\\node_modules\\router\\index.js:186:3)","statusCode":401,"timestamp":"2026-09-02T14:26:54.412Z","url":"/api/v1/auth/logout"}
{"ip":"::1","level":"error","message":"Invalid or expired token","method":"GET","service":"hisably-api","stack":"Error: Invalid or expired token\n    at authenticate (C:\\Users\\Bijesh\\Desktop\\Hisably\\Backend\\src\\middlewares\\auth.middleware.js:19:10)\n    at Layer.handleRequest (C:\\Users\\Bijesh\\Desktop\\Hisably\\Backend\\node_modules\\router\\lib\\layer.js:152:17)\n    at trimPrefix (C:\\Users\\Bijesh\\Desktop\\Hisably\\Backend\\node_modules\\router\\index.js:342:13)\n    at C:\\Users\\Bijesh\\Desktop\\Hisably\\Backend\\node_modules\\router\\index.js:297:9\n    at processParams (C:\\Users\\Bijesh\\Desktop\\Hisably\\Backend\\node_modules\\router\\index.js:582:12)\n    at next (C:\\Users\\Bijesh\\Desktop\\Hisably\\Backend\\node_modules\\router\\index.js:291:5)\n    at Function.handle (C:\\Users\\Bijesh\\Desktop\\Hisably\\Backend\\node_modules\\router\\index.js:186:3)\n    at router (C:\\Users\\Bijesh\\Desktop\\Hisably\\Backend\\node_modules\\router\\index.js:60:12)\n    at Layer.handleRequest (C:\\Users\\Bijesh\\Desktop\\Hisably\\Backend\\node_modules\\router\\lib\\layer.js:152:17)\n    at trimPrefix (C:\\Users\\Bijesh\\Desktop\\Hisably\\Backend\\node_modules\\router\\index.js:342:13)","statusCode":401,"timestamp":"2026-09-02T14:30:39.494Z","url":"/api/v1/products"}
{"ip":"::1","level":"error","message":"Invalid or expired token","method":"GET","service":"hisably-api","stack":"Error: Invalid or expired token\n    at authenticate (C:\\Users\\Bijesh\\Desktop\\Hisably\\Backend\\src\\middlewares\\auth.middleware.js:19:10)\n    at Layer.handleRequest (C:\\Users\\Bijesh\\Desktop\\Hisably\\Backend\\node_modules\\router\\lib\\layer.js:152:17)\n    at trimPrefix (C:\\Users\\Bijesh\\Desktop\\Hisably\\Backend\\node_modules\\router\\index.js:342:13)\n    at C:\\Users\\Bijesh\\Desktop\\Hisably\\Backend\\node_modules\\router\\index.js:297:9\n    at processParams (C:\\Users\\Bijesh\\Desktop\\Hisably\\Backend\\node_modules\\router\\index.js:582:12)\n    at next (C:\\Users\\Bijesh\\Desktop\\Hisably\\Backend\\node_modules\\router\\index.js:291:5)\n    at Function.handle (C:\\Users\\Bijesh\\Desktop\\Hisably\\Backend\\node_modules\\router\\index.js:186:3)\n    at router (C:\\Users\\Bijesh\\Desktop\\Hisably\\Backend\\node_modules\\router\\index.js:60:12)\n    at Layer.handleRequest (C:\\Users\\Bijesh\\Desktop\\Hisably\\Backend\\node_modules\\router\\lib\\layer.js:152:17)\n    at trimPrefix (C:\\Users\\Bijesh\\Desktop\\Hisably\\Backend\\node_modules\\router\\index.js:342:13)","statusCode":401,"timestamp":"2026-09-02T14:30:50.145Z","url":"/api/v1/inventory"}
{"level":"info","message":"Hisably API is running on port 3000 in development mode","service":"hisably-api","timestamp":"2026-09-02T14:37:02.927Z"}
{"level":"info","message":"✅ Database connected successfully","service":"hisably-api","timestamp":"2026-09-02T14:37:02.930Z"}
{"level":"info","message":"Server is running on : http://localhost:3000","service":"hisably-api","timestamp":"2026-09-02T14:37:02.931Z"}
{"level":"info","message":"Swagger documentation available at: http://localhost:3000/api-docs","service":"hisably-api","timestamp":"2026-09-02T14:37:02.932Z"}
{"level":"info","message":"Hisably API is running on port 3000 in development mode","service":"hisably-api","timestamp":"2026-09-02T14:37:17.189Z"}
{"level":"info","message":"✅ Database connected successfully","service":"hisably-api","timestamp":"2026-09-02T14:37:17.193Z"}
{"level":"info","message":"Server is running on : http://localhost:3000","service":"hisably-api","timestamp":"2026-09-02T14:37:17.193Z"}
{"level":"info","message":"Swagger documentation available at: http://localhost:3000/api-docs","service":"hisably-api","timestamp":"2026-09-02T14:37:17.194Z"}
{"level":"info","message":"Hisably API is running on port 3000 in development mode","service":"hisably-api","timestamp":"2026-09-02T14:37:29.704Z"}
{"level":"info","message":"✅ Database connected successfully","service":"hisably-api","timestamp":"2026-09-02T14:37:29.707Z"}
{"level":"info","message":"Server is running on : http://localhost:3000","service":"hisably-api","timestamp":"2026-09-02T14:37:29.708Z"}
{"level":"info","message":"Swagger documentation available at: http://localhost:3000/api-docs","service":"hisably-api","timestamp":"2026-09-02T14:37:29.709Z"}
{"level":"info","message":"Hisably API is running on port 3000 in development mode","service":"hisably-api","timestamp":"2026-09-02T14:37:38.317Z"}
{"level":"info","message":"✅ Database connected successfully","service":"hisably-api","timestamp":"2026-09-02T14:37:38.319Z"}
{"level":"info","message":"Server is running on : http://localhost:3000","service":"hisably-api","timestamp":"2026-09-02T14:37:38.320Z"}
{"level":"info","message":"Swagger documentation available at: http://localhost:3000/api-docs","service":"hisably-api","timestamp":"2026-09-02T14:37:38.320Z"}
{"level":"info","message":"Hisably API is running on port 3000 in development mode","service":"hisably-api","timestamp":"2026-09-02T14:37:46.284Z"}
{"level":"info","message":"✅ Database connected successfully","service":"hisably-api","timestamp":"2026-09-02T14:37:46.287Z"}
{"level":"info","message":"Server is running on : http://localhost:3000","service":"hisably-api","timestamp":"2026-09-02T14:37:46.287Z"}
{"level":"info","message":"Swagger documentation available at: http://localhost:3000/api-docs","service":"hisably-api","timestamp":"2026-09-02T14:37:46.288Z"}
{"level":"info","message":"Hisably API is running on port 3000 in development mode","service":"hisably-api","timestamp":"2026-09-02T14:37:57.344Z"}
{"level":"info","message":"✅ Database connected successfully","service":"hisably-api","timestamp":"2026-09-02T14:37:57.346Z"}
{"level":"info","message":"Server is running on : http://localhost:3000","service":"hisably-api","timestamp":"2026-09-02T14:37:57.347Z"}
{"level":"info","message":"Swagger documentation available at: http://localhost:3000/api-docs","service":"hisably-api","timestamp":"2026-09-02T14:37:57.347Z"}
{"level":"info","message":"Hisably API is running on port 3000 in development mode","service":"hisably-api","timestamp":"2026-09-02T14:38:10.570Z"}
{"level":"info","message":"✅ Database connected successfully","service":"hisably-api","timestamp":"2026-09-02T14:38:10.573Z"}
{"level":"info","message":"Server is running on : http://localhost:3000","service":"hisably-api","timestamp":"2026-09-02T14:38:10.574Z"}
{"level":"info","message":"Swagger documentation available at: http://localhost:3000/api-docs","service":"hisably-api","timestamp":"2026-09-02T14:38:10.574Z"}
{"level":"info","message":"Hisably API is running on port 3000 in development mode","service":"hisably-api","timestamp":"2026-09-02T14:38:24.105Z"}
{"level":"info","message":"✅ Database connected successfully","service":"hisably-api","timestamp":"2026-09-02T14:38:24.108Z"}
{"level":"info","message":"Server is running on : http://localhost:3000","service":"hisably-api","timestamp":"2026-09-02T14:38:24.109Z"}
{"level":"info","message":"Swagger documentation available at: http://localhost:3000/api-docs","service":"hisably-api","timestamp":"2026-09-02T14:38:24.110Z"}
{"ip":"::1","level":"error","message":"Invalid or expired token","method":"GET","service":"hisably-api","stack":"Error: Invalid or expired token\n    at authenticate (C:\\Users\\Bijesh\\Desktop\\Hisably\\Backend\\src\\middlewares\\auth.middleware.js:19:10)\n    at Layer.handleRequest (C:\\Users\\Bijesh\\Desktop\\Hisably\\Backend\\node_modules\\router\\lib\\layer.js:152:17)\n    at trimPrefix (C:\\Users\\Bijesh\\Desktop\\Hisably\\Backend\\node_modules\\router\\index.js:342:13)\n    at C:\\Users\\Bijesh\\Desktop\\Hisably\\Backend\\node_modules\\router\\index.js:297:9\n    at processParams (C:\\Users\\Bijesh\\Desktop\\Hisably\\Backend\\node_modules\\router\\index.js:582:12)\n    at next (C:\\Users\\Bijesh\\Desktop\\Hisably\\Backend\\node_modules\\router\\index.js:291:5)\n    at Function.handle (C:\\Users\\Bijesh\\Desktop\\Hisably\\Backend\\node_modules\\router\\index.js:186:3)\n    at router (C:\\Users\\Bijesh\\Desktop\\Hisably\\Backend\\node_modules\\router\\index.js:60:12)\n    at Layer.handleRequest (C:\\Users\\Bijesh\\Desktop\\Hisably\\Backend\\node_modules\\router\\lib\\layer.js:152:17)\n    at trimPrefix (C:\\Users\\Bijesh\\Desktop\\Hisably\\Backend\\node_modules\\router\\index.js:342:13)","statusCode":401,"timestamp":"2026-09-02T14:38:34.119Z","url":"/api/v1/inventory"}
{"ip":"::1","level":"error","message":"Invalid or expired token","method":"GET","service":"hisably-api","stack":"Error: Invalid or expired token\n    at authenticate (C:\\Users\\Bijesh\\Desktop\\Hisably\\Backend\\src\\middlewares\\auth.middleware.js:19:10)\n    at Layer.handleRequest (C:\\Users\\Bijesh\\Desktop\\Hisably\\Backend\\node_modules\\router\\lib\\layer.js:152:17)\n    at trimPrefix (C:\\Users\\Bijesh\\Desktop\\Hisably\\Backend\\node_modules\\router\\index.js:342:13)\n    at C:\\Users\\Bijesh\\Desktop\\Hisably\\Backend\\node_modules\\router\\index.js:297:9\n    at processParams (C:\\Users\\Bijesh\\Desktop\\Hisably\\Backend\\node_modules\\router\\index.js:582:12)\n    at next (C:\\Users\\Bijesh\\Desktop\\Hisably\\Backend\\node_modules\\router\\index.js:291:5)\n    at Function.handle (C:\\Users\\Bijesh\\Desktop\\Hisably\\Backend\\node_modules\\router\\index.js:186:3)\n    at router (C:\\Users\\Bijesh\\Desktop\\Hisably\\Backend\\node_modules\\router\\index.js:60:12)\n    at Layer.handleRequest (C:\\Users\\Bijesh\\Desktop\\Hisably\\Backend\\node_modules\\router\\lib\\layer.js:152:17)\n    at trimPrefix (C:\\Users\\Bijesh\\Desktop\\Hisably\\Backend\\node_modules\\router\\index.js:342:13)","statusCode":401,"timestamp":"2026-09-02T14:38:45.056Z","url":"/api/v1/inventory"}
{"ip":"::1","level":"error","message":"Invalid or expired token","method":"GET","service":"hisably-api","stack":"Error: Invalid or expired token\n    at authenticate (C:\\Users\\Bijesh\\Desktop\\Hisably\\Backend\\src\\middlewares\\auth.middleware.js:19:10)\n    at Layer.handleRequest (C:\\Users\\Bijesh\\Desktop\\Hisably\\Backend\\node_modules\\router\\lib\\layer.js:152:17)\n    at trimPrefix (C:\\Users\\Bijesh\\Desktop\\Hisably\\Backend\\node_modules\\router\\index.js:342:13)\n    at C:\\Users\\Bijesh\\Desktop\\Hisably\\Backend\\node_modules\\router\\index.js:297:9\n    at processParams (C:\\Users\\Bijesh\\Desktop\\Hisably\\Backend\\node_modules\\router\\index.js:582:12)\n    at next (C:\\Users\\Bijesh\\Desktop\\Hisably\\Backend\\node_modules\\router\\index.js:291:5)\n    at Function.handle (C:\\Users\\Bijesh\\Desktop\\Hisably\\Backend\\node_modules\\router\\index.js:186:3)\n    at router (C:\\Users\\Bijesh\\Desktop\\Hisably\\Backend\\node_modules\\router\\index.js:60:12)\n    at Layer.handleRequest (C:\\Users\\Bijesh\\Desktop\\Hisably\\Backend\\node_modules\\router\\lib\\layer.js:152:17)\n    at trimPrefix (C:\\Users\\Bijesh\\Desktop\\Hisably\\Backend\\node_modules\\router\\index.js:342:13)","statusCode":401,"timestamp":"2026-09-02T14:41:07.058Z","url":"/api/v1/inventory"}
{"ip":"::1","level":"error","message":"Invalid or expired token","method":"GET","service":"hisably-api","stack":"Error: Invalid or expired token\n    at authenticate (C:\\Users\\Bijesh\\Desktop\\Hisably\\Backend\\src\\middlewares\\auth.middleware.js:19:10)\n    at Layer.handleRequest (C:\\Users\\Bijesh\\Desktop\\Hisably\\Backend\\node_modules\\router\\lib\\layer.js:152:17)\n    at trimPrefix (C:\\Users\\Bijesh\\Desktop\\Hisably\\Backend\\node_modules\\router\\index.js:342:13)\n    at C:\\Users\\Bijesh\\Desktop\\Hisably\\Backend\\node_modules\\router\\index.js:297:9\n    at processParams (C:\\Users\\Bijesh\\Desktop\\Hisably\\Backend\\node_modules\\router\\index.js:582:12)\n    at next (C:\\Users\\Bijesh\\Desktop\\Hisably\\Backend\\node_modules\\router\\index.js:291:5)\n    at Function.handle (C:\\Users\\Bijesh\\Desktop\\Hisably\\Backend\\node_modules\\router\\index.js:186:3)\n    at router (C:\\Users\\Bijesh\\Desktop\\Hisably\\Backend\\node_modules\\router\\index.js:60:12)\n    at Layer.handleRequest (C:\\Users\\Bijesh\\Desktop\\Hisably\\Backend\\node_modules\\router\\lib\\layer.js:152:17)\n    at trimPrefix (C:\\Users\\Bijesh\\Desktop\\Hisably\\Backend\\node_modules\\router\\index.js:342:13)","statusCode":401,"timestamp":"2026-09-02T14:41:19.084Z","url":"/api/v1/inventory"}
{"ip":"::1","level":"error","message":"Invalid or expired token","method":"GET","service":"hisably-api","stack":"Error: Invalid or expired token\n    at authenticate (C:\\Users\\Bijesh\\Desktop\\Hisably\\Backend\\src\\middlewares\\auth.middleware.js:19:10)\n    at Layer.handleRequest (C:\\Users\\Bijesh\\Desktop\\Hisably\\Backend\\node_modules\\router\\lib\\layer.js:152:17)\n    at trimPrefix (C:\\Users\\Bijesh\\Desktop\\Hisably\\Backend\\node_modules\\router\\index.js:342:13)\n    at C:\\Users\\Bijesh\\Desktop\\Hisably\\Backend\\node_modules\\router\\index.js:297:9\n    at processParams (C:\\Users\\Bijesh\\Desktop\\Hisably\\Backend\\node_modules\\router\\index.js:582:12)\n    at next (C:\\Users\\Bijesh\\Desktop\\Hisably\\Backend\\node_modules\\router\\index.js:291:5)\n    at Function.handle (C:\\Users\\Bijesh\\Desktop\\Hisably\\Backend\\node_modules\\router\\index.js:186:3)\n    at router (C:\\Users\\Bijesh\\Desktop\\Hisably\\Backend\\node_modules\\router\\index.js:60:12)\n    at Layer.handleRequest (C:\\Users\\Bijesh\\Desktop\\Hisably\\Backend\\node_modules\\router\\lib\\layer.js:152:17)\n    at trimPrefix (C:\\Users\\Bijesh\\Desktop\\Hisably\\Backend\\node_modules\\router\\index.js:342:13)","statusCode":401,"timestamp":"2026-09-02T14:41:30.091Z","url":"/api/v1/inventory"}
{"ip":"::1","level":"error","message":"Invalid or expired token","method":"GET","service":"hisably-api","stack":"Error: Invalid or expired token\n    at authenticate (C:\\Users\\Bijesh\\Desktop\\Hisably\\Backend\\src\\middlewares\\auth.middleware.js:19:10)\n    at Layer.handleRequest (C:\\Users\\Bijesh\\Desktop\\Hisably\\Backend\\node_modules\\router\\lib\\layer.js:152:17)\n    at trimPrefix (C:\\Users\\Bijesh\\Desktop\\Hisably\\Backend\\node_modules\\router\\index.js:342:13)\n    at C:\\Users\\Bijesh\\Desktop\\Hisably\\Backend\\node_modules\\router\\index.js:297:9\n    at processParams (C:\\Users\\Bijesh\\Desktop\\Hisably\\Backend\\node_modules\\router\\index.js:582:12)\n    at next (C:\\Users\\Bijesh\\Desktop\\Hisably\\Backend\\node_modules\\router\\index.js:291:5)\n    at Function.handle (C:\\Users\\Bijesh\\Desktop\\Hisably\\Backend\\node_modules\\router\\index.js:186:3)\n    at router (C:\\Users\\Bijesh\\Desktop\\Hisably\\Backend\\node_modules\\router\\index.js:60:12)\n    at Layer.handleRequest (C:\\Users\\Bijesh\\Desktop\\Hisably\\Backend\\node_modules\\router\\lib\\layer.js:152:17)\n    at trimPrefix (C:\\Users\\Bijesh\\Desktop\\Hisably\\Backend\\node_modules\\router\\index.js:342:13)","statusCode":401,"timestamp":"2026-09-02T14:42:11.571Z","url":"/api/v1/users?limit=100"}
{"ip":"::1","level":"error","message":"Invalid or expired token","method":"GET","service":"hisably-api","stack":"Error: Invalid or expired token\n    at authenticate (C:\\Users\\Bijesh\\Desktop\\Hisably\\Backend\\src\\middlewares\\auth.middleware.js:19:10)\n    at Layer.handleRequest (C:\\Users\\Bijesh\\Desktop\\Hisably\\Backend\\node_modules\\router\\lib\\layer.js:152:17)\n    at trimPrefix (C:\\Users\\Bijesh\\Desktop\\Hisably\\Backend\\node_modules\\router\\index.js:342:13)\n    at C:\\Users\\Bijesh\\Desktop\\Hisably\\Backend\\node_modules\\router\\index.js:297:9\n    at processParams (C:\\Users\\Bijesh\\Desktop\\Hisably\\Backend\\node_modules\\router\\index.js:582:12)\n    at next (C:\\Users\\Bijesh\\Desktop\\Hisably\\Backend\\node_modules\\router\\index.js:291:5)\n    at Function.handle (C:\\Users\\Bijesh\\Desktop\\Hisably\\Backend\\node_modules\\router\\index.js:186:3)\n    at router (C:\\Users\\Bijesh\\Desktop\\Hisably\\Backend\\node_modules\\router\\index.js:60:12)\n    at Layer.handleRequest (C:\\Users\\Bijesh\\Desktop\\Hisably\\Backend\\node_modules\\router\\lib\\layer.js:152:17)\n    at trimPrefix (C:\\Users\\Bijesh\\Desktop\\Hisably\\Backend\\node_modules\\router\\index.js:342:13)","statusCode":401,"timestamp":"2026-09-02T14:42:11.585Z","url":"/api/v1/roles?limit=100"}
{"ip":"::1","level":"error","message":"Invalid or expired token","method":"GET","service":"hisably-api","stack":"Error: Invalid or expired token\n    at authenticate (C:\\Users\\Bijesh\\Desktop\\Hisably\\Backend\\src\\middlewares\\auth.middleware.js:19:10)\n    at Layer.handleRequest (C:\\Users\\Bijesh\\Desktop\\Hisably\\Backend\\node_modules\\router\\lib\\layer.js:152:17)\n    at trimPrefix (C:\\Users\\Bijesh\\Desktop\\Hisably\\Backend\\node_modules\\router\\index.js:342:13)\n    at C:\\Users\\Bijesh\\Desktop\\Hisably\\Backend\\node_modules\\router\\index.js:297:9\n    at processParams (C:\\Users\\Bijesh\\Desktop\\Hisably\\Backend\\node_modules\\router\\index.js:582:12)\n    at next (C:\\Users\\Bijesh\\Desktop\\Hisably\\Backend\\node_modules\\router\\index.js:291:5)\n    at Function.handle (C:\\Users\\Bijesh\\Desktop\\Hisably\\Backend\\node_modules\\router\\index.js:186:3)\n    at router (C:\\Users\\Bijesh\\Desktop\\Hisably\\Backend\\node_modules\\router\\index.js:60:12)\n    at Layer.handleRequest (C:\\Users\\Bijesh\\Desktop\\Hisably\\Backend\\node_modules\\router\\lib\\layer.js:152:17)\n    at trimPrefix (C:\\Users\\Bijesh\\Desktop\\Hisably\\Backend\\node_modules\\router\\index.js:342:13)","statusCode":401,"timestamp":"2026-09-02T14:42:11.602Z","url":"/api/v1/users?limit=100"}
{"ip":"::1","level":"error","message":"Invalid or expired token","method":"GET","service":"hisably-api","stack":"Error: Invalid or expired token\n    at authenticate (C:\\Users\\Bijesh\\Desktop\\Hisably\\Backend\\src\\middlewares\\auth.middleware.js:19:10)\n    at Layer.handleRequest (C:\\Users\\Bijesh\\Desktop\\Hisably\\Backend\\node_modules\\router\\lib\\layer.js:152:17)\n    at trimPrefix (C:\\Users\\Bijesh\\Desktop\\Hisably\\Backend\\node_modules\\router\\index.js:342:13)\n    at C:\\Users\\Bijesh\\Desktop\\Hisably\\Backend\\node_modules\\router\\index.js:297:9\n    at processParams (C:\\Users\\Bijesh\\Desktop\\Hisably\\Backend\\node_modules\\router\\index.js:582:12)\n    at next (C:\\Users\\Bijesh\\Desktop\\Hisably\\Backend\\node_modules\\router\\index.js:291:5)\n    at Function.handle (C:\\Users\\Bijesh\\Desktop\\Hisably\\Backend\\node_modules\\router\\index.js:186:3)\n    at router (C:\\Users\\Bijesh\\Desktop\\Hisably\\Backend\\node_modules\\router\\index.js:60:12)\n    at Layer.handleRequest (C:\\Users\\Bijesh\\Desktop\\Hisably\\Backend\\node_modules\\router\\lib\\layer.js:152:17)\n    at trimPrefix (C:\\Users\\Bijesh\\Desktop\\Hisably\\Backend\\node_modules\\router\\index.js:342:13)","statusCode":401,"timestamp":"2026-09-02T14:42:11.613Z","url":"/api/v1/roles?limit=100"}
